{
  "data": [
    {
      "timestamp": 1721102400000,
      "open": 235,
      "high": 236.27,
      "low": 232.33,
      "close": 234.82,
      "volume": 43234278
    },
    {
      "timestamp": 1721188800000,
      "open": 229.45,
      "high": 231.4599,
      "low": 226.64,
      "close": 228.88,
      "volume": 57345884
    },
    {
      "timestamp": 1721275200000,
      "open": 230.28,
      "high": 230.44,
      "low": 222.27,
      "close": 224.18,
      "volume": 66034585
    },
    {
      "timestamp": 1721361600000,
      "open": 224.82,
      "high": 226.8,
      "low": 223.275,
      "close": 224.31,
      "volume": 49151453
    },
    {
      "timestamp": 1721620800000,
      "open": 227.01,
      "high": 227.78,
      "low": 223.09,
      "close": 223.96,
      "volume": 48201835
    },
    {
      "timestamp": 1721707200000,
      "open": 224.365,
      "high": 226.94,
      "low": 222.68,
      "close": 225.01,
      "volume": 39960260
    }
  ],
  "timestamp": 1762839241192,
  "ttl": 86400000
}