{
  "data": [
    {
      "timestamp": 1719979200000,
      "open": 220,
      "high": 221.55,
      "low": 219.03,
      "close": 221.55,
      "volume": 37369801
    },
    {
      "timestamp": 1720152000000,
      "open": 221.65,
      "high": 226.45,
      "low": 221.65,
      "close": 226.34,
      "volume": 60412408
    },
    {
      "timestamp": 1720411200000,
      "open": 227.09,
      "high": 227.85,
      "low": 223.25,
      "close": 227.82,
      "volume": 59085861
    },
    {
      "timestamp": 1720497600000,
      "open": 227.93,
      "high": 229.4,
      "low": 226.3721,
      "close": 228.68,
      "volume": 48169822
    },
    {
      "timestamp": 1720584000000,
      "open": 229.3,
      "high": 233.08,
      "low": 229.25,
      "close": 232.98,
      "volume": 62627687
    }
  ],
  "timestamp": 1762839192166,
  "ttl": 86400000
}