{
  "data": [
    {
      "timestamp": 1720411200000,
      "open": 227.09,
      "high": 227.85,
      "low": 223.25,
      "close": 227.82,
      "volume": 59085861
    },
    {
      "timestamp": 1720497600000,
      "open": 227.93,
      "high": 229.4,
      "low": 226.3721,
      "close": 228.68,
      "volume": 48169822
    },
    {
      "timestamp": 1720584000000,
      "open": 229.3,
      "high": 233.08,
      "low": 229.25,
      "close": 232.98,
      "volume": 62627687
    },
    {
      "timestamp": 1720670400000,
      "open": 231.39,
      "high": 232.39,
      "low": 225.77,
      "close": 227.57,
      "volume": 64710617
    },
    {
      "timestamp": 1720756800000,
      "open": 228.92,
      "high": 232.64,
      "low": 228.68,
      "close": 230.54,
      "volume": 53046527
    },
    {
      "timestamp": 1721016000000,
      "open": 236.48,
      "high": 237.23,
      "low": 233.09,
      "close": 234.4,
      "volume": 62631252
    }
  ],
  "timestamp": 1762839194292,
  "ttl": 86400000
}