{
  "data": [
    {
      "timestamp": 1759204800000,
      "open": 254.855,
      "high": 255.919,
      "low": 253.11,
      "close": 254.63,
      "volume": 37704259
    },
    {
      "timestamp": 1759291200000,
      "open": 255.04,
      "high": 258.79,
      "low": 254.93,
      "close": 255.45,
      "volume": 48713940
    },
    {
      "timestamp": 1759377600000,
      "open": 256.575,
      "high": 258.18,
      "low": 254.15,
      "close": 257.13,
      "volume": 42630239
    },
    {
      "timestamp": 1759464000000,
      "open": 254.665,
      "high": 259.24,
      "low": 253.95,
      "close": 258.02,
      "volume": 49155614
    },
    {
      "timestamp": 1759723200000,
      "open": 257.99,
      "high": 259.07,
      "low": 255.05,
      "close": 256.69,
      "volume": 44664118
    },
    {
      "timestamp": 1759809600000,
      "open": 256.805,
      "high": 257.4,
      "low": 255.43,
      "close": 256.48,
      "volume": 31955776
    },
    {
      "timestamp": 1759896000000,
      "open": 256.52,
      "high": 258.52,
      "low": 256.11,
      "close": 258.06,
      "volume": 36496895
    },
    {
      "timestamp": 1759982400000,
      "open": 257.805,
      "high": 258,
      "low": 253.14,
      "close": 254.04,
      "volume": 38322012
    },
    {
      "timestamp": 1760068800000,
      "open": 254.94,
      "high": 256.38,
      "low": 244,
      "close": 245.27,
      "volume": 61999098
    },
    {
      "timestamp": 1760328000000,
      "open": 249.38,
      "high": 249.69,
      "low": 245.56,
      "close": 247.66,
      "volume": 38142942
    },
    {
      "timestamp": 1760414400000,
      "open": 246.6,
      "high": 248.845,
      "low": 244.7,
      "close": 247.77,
      "volume": 35477986
    },
    {
      "timestamp": 1760500800000,
      "open": 249.485,
      "high": 251.82,
      "low": 247.47,
      "close": 249.34,
      "volume": 33893611
    },
    {
      "timestamp": 1760587200000,
      "open": 248.25,
      "high": 249.04,
      "low": 245.13,
      "close": 247.45,
      "volume": 39776974
    },
    {
      "timestamp": 1760673600000,
      "open": 248.02,
      "high": 253.38,
      "low": 247.27,
      "close": 252.29,
      "volume": 49146961
    },
    {
      "timestamp": 1760932800000,
      "open": 255.885,
      "high": 264.375,
      "low": 255.63,
      "close": 262.24,
      "volume": 90483029
    },
    {
      "timestamp": 1761019200000,
      "open": 261.88,
      "high": 265.29,
      "low": 261.83,
      "close": 262.77,
      "volume": 46695748
    },
    {
      "timestamp": 1761105600000,
      "open": 262.65,
      "high": 262.85,
      "low": 255.43,
      "close": 258.45,
      "volume": 45011970
    },
    {
      "timestamp": 1761192000000,
      "open": 259.94,
      "high": 260.62,
      "low": 258.0101,
      "close": 259.58,
      "volume": 32752139
    },
    {
      "timestamp": 1761278400000,
      "open": 261.19,
      "high": 264.13,
      "low": 259.18,
      "close": 262.82,
      "volume": 38253517
    },
    {
      "timestamp": 1761537600000,
      "open": 264.88,
      "high": 269.12,
      "low": 264.6501,
      "close": 268.81,
      "volume": 44888052
    },
    {
      "timestamp": 1761624000000,
      "open": 268.985,
      "high": 269.89,
      "low": 268.15,
      "close": 269,
      "volume": 41534547
    },
    {
      "timestamp": 1761710400000,
      "open": 269.275,
      "high": 271.41,
      "low": 267.11,
      "close": 269.7,
      "volume": 51086742
    },
    {
      "timestamp": 1761796800000,
      "open": 271.99,
      "high": 274.14,
      "low": 268.48,
      "close": 271.4,
      "volume": 69886281
    }
  ],
  "timestamp": 1762872425628,
  "ttl": 86400000
}