{
  "data": [
    {
      "timestamp": 1717387200000,
      "open": 192.9,
      "high": 194.99,
      "low": 192.52,
      "close": 194.03,
      "volume": 50080539
    },
    {
      "timestamp": 1717473600000,
      "open": 194.635,
      "high": 195.32,
      "low": 193.0342,
      "close": 194.35,
      "volume": 47471445
    },
    {
      "timestamp": 1717560000000,
      "open": 195.4,
      "high": 196.9,
      "low": 194.87,
      "close": 195.87,
      "volume": 54156785
    },
    {
      "timestamp": 1717646400000,
      "open": 195.685,
      "high": 196.5,
      "low": 194.17,
      "close": 194.48,
      "volume": 41181753
    },
    {
      "timestamp": 1717732800000,
      "open": 194.65,
      "high": 196.94,
      "low": 194.14,
      "close": 196.89,
      "volume": 53103912
    },
    {
      "timestamp": 1717992000000,
      "open": 196.9,
      "high": 197.3,
      "low": 192.15,
      "close": 193.12,
      "volume": 97262077
    },
    {
      "timestamp": 1718078400000,
      "open": 193.65,
      "high": 207.16,
      "low": 193.63,
      "close": 207.15,
      "volume": 172373296
    },
    {
      "timestamp": 1718164800000,
      "open": 207.37,
      "high": 220.2,
      "low": 206.9,
      "close": 213.07,
      "volume": 198134293
    },
    {
      "timestamp": 1718251200000,
      "open": 214.74,
      "high": 216.75,
      "low": 211.6,
      "close": 214.24,
      "volume": 97862729
    },
    {
      "timestamp": 1718337600000,
      "open": 213.85,
      "high": 215.17,
      "low": 211.3,
      "close": 212.49,
      "volume": 70122748
    },
    {
      "timestamp": 1718596800000,
      "open": 213.37,
      "high": 218.95,
      "low": 212.72,
      "close": 216.67,
      "volume": 93728300
    },
    {
      "timestamp": 1718683200000,
      "open": 217.59,
      "high": 218.63,
      "low": 213,
      "close": 214.29,
      "volume": 79943254
    },
    {
      "timestamp": 1718856000000,
      "open": 213.93,
      "high": 214.24,
      "low": 208.85,
      "close": 209.68,
      "volume": 86172451
    },
    {
      "timestamp": 1718942400000,
      "open": 210.39,
      "high": 211.89,
      "low": 207.11,
      "close": 207.49,
      "volume": 246421353
    },
    {
      "timestamp": 1719201600000,
      "open": 207.72,
      "high": 212.7,
      "low": 206.59,
      "close": 208.14,
      "volume": 80727006
    },
    {
      "timestamp": 1719288000000,
      "open": 209.15,
      "high": 211.38,
      "low": 208.61,
      "close": 209.07,
      "volume": 56713868
    },
    {
      "timestamp": 1719374400000,
      "open": 211.5,
      "high": 214.86,
      "low": 210.64,
      "close": 213.25,
      "volume": 66213186
    },
    {
      "timestamp": 1719460800000,
      "open": 214.69,
      "high": 215.7395,
      "low": 212.35,
      "close": 214.1,
      "volume": 49772707
    },
    {
      "timestamp": 1719547200000,
      "open": 215.77,
      "high": 216.07,
      "low": 210.3,
      "close": 210.62,
      "volume": 82542718
    },
    {
      "timestamp": 1719806400000,
      "open": 212.09,
      "high": 217.51,
      "low": 211.92,
      "close": 216.75,
      "volume": 60402929
    },
    {
      "timestamp": 1719892800000,
      "open": 216.15,
      "high": 220.38,
      "low": 215.1,
      "close": 220.27,
      "volume": 58046178
    },
    {
      "timestamp": 1719979200000,
      "open": 220,
      "high": 221.55,
      "low": 219.03,
      "close": 221.55,
      "volume": 37369801
    },
    {
      "timestamp": 1720152000000,
      "open": 221.65,
      "high": 226.45,
      "low": 221.65,
      "close": 226.34,
      "volume": 60412408
    },
    {
      "timestamp": 1720411200000,
      "open": 227.09,
      "high": 227.85,
      "low": 223.25,
      "close": 227.82,
      "volume": 59085861
    },
    {
      "timestamp": 1720497600000,
      "open": 227.93,
      "high": 229.4,
      "low": 226.3721,
      "close": 228.68,
      "volume": 48169822
    },
    {
      "timestamp": 1720584000000,
      "open": 229.3,
      "high": 233.08,
      "low": 229.25,
      "close": 232.98,
      "volume": 62627687
    },
    {
      "timestamp": 1720670400000,
      "open": 231.39,
      "high": 232.39,
      "low": 225.77,
      "close": 227.57,
      "volume": 64710617
    },
    {
      "timestamp": 1720756800000,
      "open": 228.92,
      "high": 232.64,
      "low": 228.68,
      "close": 230.54,
      "volume": 53046527
    },
    {
      "timestamp": 1721016000000,
      "open": 236.48,
      "high": 237.23,
      "low": 233.09,
      "close": 234.4,
      "volume": 62631252
    },
    {
      "timestamp": 1721102400000,
      "open": 235,
      "high": 236.27,
      "low": 232.33,
      "close": 234.82,
      "volume": 43234278
    },
    {
      "timestamp": 1721188800000,
      "open": 229.45,
      "high": 231.4599,
      "low": 226.64,
      "close": 228.88,
      "volume": 57345884
    },
    {
      "timestamp": 1721275200000,
      "open": 230.28,
      "high": 230.44,
      "low": 222.27,
      "close": 224.18,
      "volume": 66034585
    },
    {
      "timestamp": 1721361600000,
      "open": 224.82,
      "high": 226.8,
      "low": 223.275,
      "close": 224.31,
      "volume": 49151453
    },
    {
      "timestamp": 1721620800000,
      "open": 227.01,
      "high": 227.78,
      "low": 223.09,
      "close": 223.96,
      "volume": 48201835
    },
    {
      "timestamp": 1721707200000,
      "open": 224.365,
      "high": 226.94,
      "low": 222.68,
      "close": 225.01,
      "volume": 39960260
    },
    {
      "timestamp": 1721793600000,
      "open": 224,
      "high": 224.8,
      "low": 217.13,
      "close": 218.54,
      "volume": 61777576
    },
    {
      "timestamp": 1721880000000,
      "open": 218.93,
      "high": 220.85,
      "low": 214.62,
      "close": 217.49,
      "volume": 51391199
    },
    {
      "timestamp": 1721966400000,
      "open": 218.7,
      "high": 219.49,
      "low": 216.01,
      "close": 217.96,
      "volume": 41601345
    },
    {
      "timestamp": 1722225600000,
      "open": 216.96,
      "high": 219.3,
      "low": 215.75,
      "close": 218.24,
      "volume": 36311778
    },
    {
      "timestamp": 1722312000000,
      "open": 219.19,
      "high": 220.325,
      "low": 216.12,
      "close": 218.8,
      "volume": 41643840
    },
    {
      "timestamp": 1722398400000,
      "open": 221.44,
      "high": 223.82,
      "low": 220.63,
      "close": 222.08,
      "volume": 50036262
    },
    {
      "timestamp": 1722484800000,
      "open": 224.37,
      "high": 224.48,
      "low": 217.02,
      "close": 218.36,
      "volume": 62500996
    },
    {
      "timestamp": 1722571200000,
      "open": 219.15,
      "high": 225.6,
      "low": 217.71,
      "close": 219.86,
      "volume": 105568560
    },
    {
      "timestamp": 1722830400000,
      "open": 199.09,
      "high": 213.5,
      "low": 196,
      "close": 209.27,
      "volume": 119548589
    },
    {
      "timestamp": 1722916800000,
      "open": 205.3,
      "high": 209.99,
      "low": 201.07,
      "close": 207.23,
      "volume": 69660488
    },
    {
      "timestamp": 1723003200000,
      "open": 206.9,
      "high": 213.64,
      "low": 206.39,
      "close": 209.82,
      "volume": 63516417
    },
    {
      "timestamp": 1723089600000,
      "open": 213.11,
      "high": 214.2,
      "low": 208.83,
      "close": 213.31,
      "volume": 47161149
    },
    {
      "timestamp": 1723176000000,
      "open": 212.1,
      "high": 216.78,
      "low": 211.97,
      "close": 216.24,
      "volume": 42201646
    },
    {
      "timestamp": 1723435200000,
      "open": 216.07,
      "high": 219.5099,
      "low": 215.6,
      "close": 217.53,
      "volume": 38028092
    },
    {
      "timestamp": 1723521600000,
      "open": 219.01,
      "high": 221.89,
      "low": 219.01,
      "close": 221.27,
      "volume": 44155331
    },
    {
      "timestamp": 1723608000000,
      "open": 220.57,
      "high": 223.03,
      "low": 219.7,
      "close": 221.72,
      "volume": 41960574
    },
    {
      "timestamp": 1723694400000,
      "open": 224.6,
      "high": 225.35,
      "low": 222.76,
      "close": 224.72,
      "volume": 46414013
    },
    {
      "timestamp": 1723780800000,
      "open": 223.92,
      "high": 226.8271,
      "low": 223.6501,
      "close": 226.05,
      "volume": 44340240
    },
    {
      "timestamp": 1724040000000,
      "open": 225.72,
      "high": 225.99,
      "low": 223.04,
      "close": 225.89,
      "volume": 40687813
    },
    {
      "timestamp": 1724126400000,
      "open": 225.77,
      "high": 227.17,
      "low": 225.45,
      "close": 226.51,
      "volume": 30299033
    },
    {
      "timestamp": 1724212800000,
      "open": 226.52,
      "high": 227.98,
      "low": 225.05,
      "close": 226.4,
      "volume": 34765480
    },
    {
      "timestamp": 1724299200000,
      "open": 227.79,
      "high": 228.34,
      "low": 223.9,
      "close": 224.53,
      "volume": 43695321
    },
    {
      "timestamp": 1724385600000,
      "open": 225.6589,
      "high": 228.22,
      "low": 224.33,
      "close": 226.84,
      "volume": 38677250
    },
    {
      "timestamp": 1724644800000,
      "open": 226.76,
      "high": 227.28,
      "low": 223.8905,
      "close": 227.18,
      "volume": 30602208
    },
    {
      "timestamp": 1724731200000,
      "open": 225.995,
      "high": 228.85,
      "low": 224.89,
      "close": 228.03,
      "volume": 35934559
    },
    {
      "timestamp": 1724817600000,
      "open": 227.92,
      "high": 229.86,
      "low": 225.68,
      "close": 226.49,
      "volume": 38052167
    },
    {
      "timestamp": 1724904000000,
      "open": 230.1,
      "high": 232.92,
      "low": 228.88,
      "close": 229.79,
      "volume": 51906297
    },
    {
      "timestamp": 1724990400000,
      "open": 230.19,
      "high": 230.4,
      "low": 227.48,
      "close": 229,
      "volume": 52990770
    },
    {
      "timestamp": 1725336000000,
      "open": 228.55,
      "high": 229,
      "low": 221.17,
      "close": 222.77,
      "volume": 50190574
    },
    {
      "timestamp": 1725422400000,
      "open": 221.66,
      "high": 221.78,
      "low": 217.48,
      "close": 220.85,
      "volume": 43840196
    },
    {
      "timestamp": 1725508800000,
      "open": 221.625,
      "high": 225.48,
      "low": 221.52,
      "close": 222.38,
      "volume": 36615398
    },
    {
      "timestamp": 1725595200000,
      "open": 223.95,
      "high": 225.24,
      "low": 219.77,
      "close": 220.82,
      "volume": 48423011
    },
    {
      "timestamp": 1725854400000,
      "open": 220.82,
      "high": 221.27,
      "low": 216.71,
      "close": 220.91,
      "volume": 67179965
    },
    {
      "timestamp": 1725940800000,
      "open": 218.92,
      "high": 221.48,
      "low": 216.73,
      "close": 220.11,
      "volume": 51591033
    },
    {
      "timestamp": 1726027200000,
      "open": 221.455,
      "high": 223.09,
      "low": 217.89,
      "close": 222.66,
      "volume": 44587072
    },
    {
      "timestamp": 1726113600000,
      "open": 222.5,
      "high": 223.55,
      "low": 219.82,
      "close": 222.77,
      "volume": 37498225
    },
    {
      "timestamp": 1726200000000,
      "open": 223.58,
      "high": 224.04,
      "low": 221.91,
      "close": 222.5,
      "volume": 36766619
    },
    {
      "timestamp": 1726459200000,
      "open": 216.54,
      "high": 217.22,
      "low": 213.92,
      "close": 216.32,
      "volume": 59357427
    },
    {
      "timestamp": 1726545600000,
      "open": 215.75,
      "high": 216.9,
      "low": 214.5,
      "close": 216.79,
      "volume": 45519339
    },
    {
      "timestamp": 1726632000000,
      "open": 217.55,
      "high": 222.71,
      "low": 217.54,
      "close": 220.69,
      "volume": 59894928
    },
    {
      "timestamp": 1726718400000,
      "open": 224.99,
      "high": 229.82,
      "low": 224.63,
      "close": 228.87,
      "volume": 66781315
    },
    {
      "timestamp": 1726804800000,
      "open": 229.97,
      "high": 233.09,
      "low": 227.62,
      "close": 228.2,
      "volume": 318679888
    },
    {
      "timestamp": 1727064000000,
      "open": 227.34,
      "high": 229.45,
      "low": 225.81,
      "close": 226.47,
      "volume": 54146023
    },
    {
      "timestamp": 1727150400000,
      "open": 228.645,
      "high": 229.35,
      "low": 225.73,
      "close": 227.37,
      "volume": 43556068
    },
    {
      "timestamp": 1727236800000,
      "open": 224.93,
      "high": 227.29,
      "low": 224.02,
      "close": 226.37,
      "volume": 42308715
    },
    {
      "timestamp": 1727323200000,
      "open": 227.3,
      "high": 228.5,
      "low": 225.41,
      "close": 227.52,
      "volume": 36636707
    },
    {
      "timestamp": 1727409600000,
      "open": 228.46,
      "high": 229.52,
      "low": 227.3,
      "close": 227.79,
      "volume": 34025967
    },
    {
      "timestamp": 1727668800000,
      "open": 230.04,
      "high": 233,
      "low": 229.65,
      "close": 233,
      "volume": 54793391
    },
    {
      "timestamp": 1727755200000,
      "open": 229.52,
      "high": 229.65,
      "low": 223.74,
      "close": 226.21,
      "volume": 63285048
    },
    {
      "timestamp": 1727841600000,
      "open": 225.89,
      "high": 227.37,
      "low": 223.02,
      "close": 226.78,
      "volume": 32880605
    },
    {
      "timestamp": 1727928000000,
      "open": 225.14,
      "high": 226.805,
      "low": 223.32,
      "close": 225.67,
      "volume": 34044158
    },
    {
      "timestamp": 1728014400000,
      "open": 227.9,
      "high": 228,
      "low": 224.13,
      "close": 226.8,
      "volume": 37345098
    },
    {
      "timestamp": 1728273600000,
      "open": 224.5,
      "high": 225.69,
      "low": 221.33,
      "close": 221.69,
      "volume": 39505354
    },
    {
      "timestamp": 1728360000000,
      "open": 224.3,
      "high": 225.98,
      "low": 223.25,
      "close": 225.77,
      "volume": 31855693
    },
    {
      "timestamp": 1728446400000,
      "open": 225.23,
      "high": 229.75,
      "low": 224.83,
      "close": 229.54,
      "volume": 33591091
    },
    {
      "timestamp": 1728532800000,
      "open": 227.78,
      "high": 229.5,
      "low": 227.17,
      "close": 229.04,
      "volume": 28183544
    },
    {
      "timestamp": 1728619200000,
      "open": 229.3,
      "high": 229.41,
      "low": 227.34,
      "close": 227.55,
      "volume": 31759188
    },
    {
      "timestamp": 1728878400000,
      "open": 228.7,
      "high": 231.73,
      "low": 228.6,
      "close": 231.3,
      "volume": 39882085
    },
    {
      "timestamp": 1728964800000,
      "open": 233.61,
      "high": 237.49,
      "low": 232.37,
      "close": 233.85,
      "volume": 64751367
    },
    {
      "timestamp": 1729051200000,
      "open": 231.6,
      "high": 232.12,
      "low": 229.84,
      "close": 231.78,
      "volume": 34082240
    },
    {
      "timestamp": 1729137600000,
      "open": 233.43,
      "high": 233.85,
      "low": 230.52,
      "close": 232.15,
      "volume": 32993810
    },
    {
      "timestamp": 1729224000000,
      "open": 236.18,
      "high": 236.18,
      "low": 234.01,
      "close": 235,
      "volume": 46431472
    },
    {
      "timestamp": 1729483200000,
      "open": 234.45,
      "high": 236.85,
      "low": 234.45,
      "close": 236.48,
      "volume": 36254470
    },
    {
      "timestamp": 1729569600000,
      "open": 233.885,
      "high": 236.22,
      "low": 232.6,
      "close": 235.86,
      "volume": 38846578
    },
    {
      "timestamp": 1729656000000,
      "open": 234.08,
      "high": 235.144,
      "low": 227.76,
      "close": 230.76,
      "volume": 52286979
    },
    {
      "timestamp": 1729742400000,
      "open": 229.98,
      "high": 230.82,
      "low": 228.41,
      "close": 230.57,
      "volume": 31109503
    },
    {
      "timestamp": 1729828800000,
      "open": 229.74,
      "high": 233.22,
      "low": 229.57,
      "close": 231.41,
      "volume": 38802304
    },
    {
      "timestamp": 1730088000000,
      "open": 233.32,
      "high": 234.73,
      "low": 232.55,
      "close": 233.4,
      "volume": 36087134
    },
    {
      "timestamp": 1730174400000,
      "open": 233.1,
      "high": 234.325,
      "low": 232.32,
      "close": 233.67,
      "volume": 35417247
    },
    {
      "timestamp": 1730260800000,
      "open": 232.61,
      "high": 233.47,
      "low": 229.55,
      "close": 230.1,
      "volume": 47070907
    },
    {
      "timestamp": 1730347200000,
      "open": 229.34,
      "high": 229.83,
      "low": 225.37,
      "close": 225.91,
      "volume": 64370086
    },
    {
      "timestamp": 1730433600000,
      "open": 220.965,
      "high": 225.35,
      "low": 220.27,
      "close": 222.91,
      "volume": 65276741
    }
  ],
  "timestamp": 1762837992796,
  "ttl": 86400000
}