{
  "data": [
    {
      "timestamp": 1727755200000,
      "open": 229.52,
      "high": 229.65,
      "low": 223.74,
      "close": 226.21,
      "volume": 63285048
    },
    {
      "timestamp": 1727841600000,
      "open": 225.89,
      "high": 227.37,
      "low": 223.02,
      "close": 226.78,
      "volume": 32880605
    },
    {
      "timestamp": 1727928000000,
      "open": 225.14,
      "high": 226.805,
      "low": 223.32,
      "close": 225.67,
      "volume": 34044158
    },
    {
      "timestamp": 1728014400000,
      "open": 227.9,
      "high": 228,
      "low": 224.13,
      "close": 226.8,
      "volume": 37345098
    },
    {
      "timestamp": 1728273600000,
      "open": 224.5,
      "high": 225.69,
      "low": 221.33,
      "close": 221.69,
      "volume": 39505354
    },
    {
      "timestamp": 1728360000000,
      "open": 224.3,
      "high": 225.98,
      "low": 223.25,
      "close": 225.77,
      "volume": 31855693
    },
    {
      "timestamp": 1728446400000,
      "open": 225.23,
      "high": 229.75,
      "low": 224.83,
      "close": 229.54,
      "volume": 33591091
    },
    {
      "timestamp": 1728532800000,
      "open": 227.78,
      "high": 229.5,
      "low": 227.17,
      "close": 229.04,
      "volume": 28183544
    },
    {
      "timestamp": 1728619200000,
      "open": 229.3,
      "high": 229.41,
      "low": 227.34,
      "close": 227.55,
      "volume": 31759188
    },
    {
      "timestamp": 1728878400000,
      "open": 228.7,
      "high": 231.73,
      "low": 228.6,
      "close": 231.3,
      "volume": 39882085
    },
    {
      "timestamp": 1728964800000,
      "open": 233.61,
      "high": 237.49,
      "low": 232.37,
      "close": 233.85,
      "volume": 64751367
    },
    {
      "timestamp": 1729051200000,
      "open": 231.6,
      "high": 232.12,
      "low": 229.84,
      "close": 231.78,
      "volume": 34082240
    },
    {
      "timestamp": 1729137600000,
      "open": 233.43,
      "high": 233.85,
      "low": 230.52,
      "close": 232.15,
      "volume": 32993810
    },
    {
      "timestamp": 1729224000000,
      "open": 236.18,
      "high": 236.18,
      "low": 234.01,
      "close": 235,
      "volume": 46431472
    },
    {
      "timestamp": 1729483200000,
      "open": 234.45,
      "high": 236.85,
      "low": 234.45,
      "close": 236.48,
      "volume": 36254470
    },
    {
      "timestamp": 1729569600000,
      "open": 233.885,
      "high": 236.22,
      "low": 232.6,
      "close": 235.86,
      "volume": 38846578
    },
    {
      "timestamp": 1729656000000,
      "open": 234.08,
      "high": 235.144,
      "low": 227.76,
      "close": 230.76,
      "volume": 52286979
    },
    {
      "timestamp": 1729742400000,
      "open": 229.98,
      "high": 230.82,
      "low": 228.41,
      "close": 230.57,
      "volume": 31109503
    },
    {
      "timestamp": 1729828800000,
      "open": 229.74,
      "high": 233.22,
      "low": 229.57,
      "close": 231.41,
      "volume": 38802304
    },
    {
      "timestamp": 1730088000000,
      "open": 233.32,
      "high": 234.73,
      "low": 232.55,
      "close": 233.4,
      "volume": 36087134
    },
    {
      "timestamp": 1730174400000,
      "open": 233.1,
      "high": 234.325,
      "low": 232.32,
      "close": 233.67,
      "volume": 35417247
    },
    {
      "timestamp": 1730260800000,
      "open": 232.61,
      "high": 233.47,
      "low": 229.55,
      "close": 230.1,
      "volume": 47070907
    },
    {
      "timestamp": 1730347200000,
      "open": 229.34,
      "high": 229.83,
      "low": 225.37,
      "close": 225.91,
      "volume": 64370086
    }
  ],
  "timestamp": 1762838313483,
  "ttl": 86400000
}