{
  "data": [
    {
      "timestamp": 1753070400000,
      "open": 212.1,
      "high": 215.78,
      "low": 211.63,
      "close": 212.48,
      "volume": 51377434
    },
    {
      "timestamp": 1753156800000,
      "open": 213.14,
      "high": 214.95,
      "low": 212.2301,
      "close": 214.4,
      "volume": 46404072
    },
    {
      "timestamp": 1753243200000,
      "open": 215,
      "high": 215.15,
      "low": 212.41,
      "close": 214.15,
      "volume": 46989301
    },
    {
      "timestamp": 1753329600000,
      "open": 213.9,
      "high": 215.69,
      "low": 213.53,
      "close": 213.76,
      "volume": 46022620
    },
    {
      "timestamp": 1753416000000,
      "open": 214.7,
      "high": 215.24,
      "low": 213.4,
      "close": 213.88,
      "volume": 40268781
    },
    {
      "timestamp": 1753675200000,
      "open": 214.03,
      "high": 214.845,
      "low": 213.06,
      "close": 214.05,
      "volume": 37858017
    },
    {
      "timestamp": 1753761600000,
      "open": 214.175,
      "high": 214.81,
      "low": 210.82,
      "close": 211.27,
      "volume": 51411723
    },
    {
      "timestamp": 1753848000000,
      "open": 211.895,
      "high": 212.39,
      "low": 207.72,
      "close": 209.05,
      "volume": 45512514
    },
    {
      "timestamp": 1753934400000,
      "open": 208.49,
      "high": 209.84,
      "low": 207.16,
      "close": 207.57,
      "volume": 80698431
    },
    {
      "timestamp": 1754020800000,
      "open": 210.865,
      "high": 213.58,
      "low": 201.5,
      "close": 202.38,
      "volume": 104434473
    },
    {
      "timestamp": 1754280000000,
      "open": 204.505,
      "high": 207.88,
      "low": 201.675,
      "close": 203.35,
      "volume": 75109298
    },
    {
      "timestamp": 1754366400000,
      "open": 203.4,
      "high": 205.34,
      "low": 202.16,
      "close": 202.92,
      "volume": 44155079
    },
    {
      "timestamp": 1754452800000,
      "open": 205.63,
      "high": 215.38,
      "low": 205.59,
      "close": 213.25,
      "volume": 108483103
    },
    {
      "timestamp": 1754539200000,
      "open": 218.875,
      "high": 220.85,
      "low": 216.58,
      "close": 220.03,
      "volume": 90224834
    },
    {
      "timestamp": 1754625600000,
      "open": 220.83,
      "high": 231,
      "low": 219.25,
      "close": 229.35,
      "volume": 113853967
    },
    {
      "timestamp": 1754884800000,
      "open": 227.92,
      "high": 229.56,
      "low": 224.76,
      "close": 227.18,
      "volume": 61806132
    },
    {
      "timestamp": 1754971200000,
      "open": 228.005,
      "high": 230.8,
      "low": 227.07,
      "close": 229.65,
      "volume": 55672301
    },
    {
      "timestamp": 1755057600000,
      "open": 231.07,
      "high": 235,
      "low": 230.43,
      "close": 233.33,
      "volume": 69878546
    },
    {
      "timestamp": 1755144000000,
      "open": 234.055,
      "high": 235.12,
      "low": 230.85,
      "close": 232.78,
      "volume": 51916275
    },
    {
      "timestamp": 1755230400000,
      "open": 234,
      "high": 234.28,
      "low": 229.335,
      "close": 231.59,
      "volume": 56038657
    },
    {
      "timestamp": 1755489600000,
      "open": 231.7,
      "high": 233.12,
      "low": 230.11,
      "close": 230.89,
      "volume": 37476188
    }
  ],
  "timestamp": 1762843871164,
  "ttl": 86400000
}