{
  "data": [
    {
      "timestamp": 1754280000000,
      "open": 204.505,
      "high": 207.88,
      "low": 201.675,
      "close": 203.35,
      "volume": 75109298
    },
    {
      "timestamp": 1754366400000,
      "open": 203.4,
      "high": 205.34,
      "low": 202.16,
      "close": 202.92,
      "volume": 44155079
    },
    {
      "timestamp": 1754452800000,
      "open": 205.63,
      "high": 215.38,
      "low": 205.59,
      "close": 213.25,
      "volume": 108483103
    },
    {
      "timestamp": 1754539200000,
      "open": 218.875,
      "high": 220.85,
      "low": 216.58,
      "close": 220.03,
      "volume": 90224834
    },
    {
      "timestamp": 1754625600000,
      "open": 220.83,
      "high": 231,
      "low": 219.25,
      "close": 229.35,
      "volume": 113853967
    },
    {
      "timestamp": 1754884800000,
      "open": 227.92,
      "high": 229.56,
      "low": 224.76,
      "close": 227.18,
      "volume": 61806132
    },
    {
      "timestamp": 1754971200000,
      "open": 228.005,
      "high": 230.8,
      "low": 227.07,
      "close": 229.65,
      "volume": 55672301
    },
    {
      "timestamp": 1755057600000,
      "open": 231.07,
      "high": 235,
      "low": 230.43,
      "close": 233.33,
      "volume": 69878546
    },
    {
      "timestamp": 1755144000000,
      "open": 234.055,
      "high": 235.12,
      "low": 230.85,
      "close": 232.78,
      "volume": 51916275
    },
    {
      "timestamp": 1755230400000,
      "open": 234,
      "high": 234.28,
      "low": 229.335,
      "close": 231.59,
      "volume": 56038657
    },
    {
      "timestamp": 1755489600000,
      "open": 231.7,
      "high": 233.12,
      "low": 230.11,
      "close": 230.89,
      "volume": 37476188
    },
    {
      "timestamp": 1755576000000,
      "open": 231.275,
      "high": 232.87,
      "low": 229.35,
      "close": 230.56,
      "volume": 39402564
    },
    {
      "timestamp": 1755662400000,
      "open": 229.98,
      "high": 230.47,
      "low": 225.77,
      "close": 226.01,
      "volume": 42263865
    },
    {
      "timestamp": 1755748800000,
      "open": 226.27,
      "high": 226.52,
      "low": 223.7804,
      "close": 224.9,
      "volume": 30621249
    },
    {
      "timestamp": 1755835200000,
      "open": 226.17,
      "high": 229.09,
      "low": 225.41,
      "close": 227.76,
      "volume": 42477811
    },
    {
      "timestamp": 1756094400000,
      "open": 226.48,
      "high": 229.3,
      "low": 226.23,
      "close": 227.16,
      "volume": 30983133
    },
    {
      "timestamp": 1756180800000,
      "open": 226.87,
      "high": 229.49,
      "low": 224.69,
      "close": 229.31,
      "volume": 54575107
    },
    {
      "timestamp": 1756267200000,
      "open": 228.61,
      "high": 230.9,
      "low": 228.26,
      "close": 230.49,
      "volume": 31259513
    },
    {
      "timestamp": 1756353600000,
      "open": 230.82,
      "high": 233.41,
      "low": 229.335,
      "close": 232.56,
      "volume": 38074700
    },
    {
      "timestamp": 1756440000000,
      "open": 232.51,
      "high": 233.38,
      "low": 231.37,
      "close": 232.14,
      "volume": 39418437
    }
  ],
  "timestamp": 1762844169207,
  "ttl": 86400000
}