{
  "data": [
    {
      "timestamp": 1755489600000,
      "open": 231.7,
      "high": 233.12,
      "low": 230.11,
      "close": 230.89,
      "volume": 37476188
    },
    {
      "timestamp": 1755576000000,
      "open": 231.275,
      "high": 232.87,
      "low": 229.35,
      "close": 230.56,
      "volume": 39402564
    },
    {
      "timestamp": 1755662400000,
      "open": 229.98,
      "high": 230.47,
      "low": 225.77,
      "close": 226.01,
      "volume": 42263865
    },
    {
      "timestamp": 1755748800000,
      "open": 226.27,
      "high": 226.52,
      "low": 223.7804,
      "close": 224.9,
      "volume": 30621249
    },
    {
      "timestamp": 1755835200000,
      "open": 226.17,
      "high": 229.09,
      "low": 225.41,
      "close": 227.76,
      "volume": 42477811
    },
    {
      "timestamp": 1756094400000,
      "open": 226.48,
      "high": 229.3,
      "low": 226.23,
      "close": 227.16,
      "volume": 30983133
    },
    {
      "timestamp": 1756180800000,
      "open": 226.87,
      "high": 229.49,
      "low": 224.69,
      "close": 229.31,
      "volume": 54575107
    },
    {
      "timestamp": 1756267200000,
      "open": 228.61,
      "high": 230.9,
      "low": 228.26,
      "close": 230.49,
      "volume": 31259513
    },
    {
      "timestamp": 1756353600000,
      "open": 230.82,
      "high": 233.41,
      "low": 229.335,
      "close": 232.56,
      "volume": 38074700
    },
    {
      "timestamp": 1756440000000,
      "open": 232.51,
      "high": 233.38,
      "low": 231.37,
      "close": 232.14,
      "volume": 39418437
    },
    {
      "timestamp": 1756785600000,
      "open": 229.25,
      "high": 230.85,
      "low": 226.97,
      "close": 229.72,
      "volume": 44075638
    },
    {
      "timestamp": 1756872000000,
      "open": 237.21,
      "high": 238.85,
      "low": 234.36,
      "close": 238.47,
      "volume": 66427835
    },
    {
      "timestamp": 1756958400000,
      "open": 238.45,
      "high": 239.8999,
      "low": 236.74,
      "close": 239.78,
      "volume": 47549429
    },
    {
      "timestamp": 1757044800000,
      "open": 239.995,
      "high": 241.32,
      "low": 238.4901,
      "close": 239.69,
      "volume": 54870397
    },
    {
      "timestamp": 1757304000000,
      "open": 239.3,
      "high": 240.15,
      "low": 236.34,
      "close": 237.88,
      "volume": 48999495
    },
    {
      "timestamp": 1757390400000,
      "open": 237,
      "high": 238.7805,
      "low": 233.36,
      "close": 234.35,
      "volume": 66313918
    },
    {
      "timestamp": 1757476800000,
      "open": 232.185,
      "high": 232.42,
      "low": 225.95,
      "close": 226.79,
      "volume": 83440810
    },
    {
      "timestamp": 1757563200000,
      "open": 226.875,
      "high": 230.45,
      "low": 226.65,
      "close": 230.03,
      "volume": 50208578
    },
    {
      "timestamp": 1757649600000,
      "open": 229.22,
      "high": 234.51,
      "low": 229.02,
      "close": 234.07,
      "volume": 55824216
    },
    {
      "timestamp": 1757908800000,
      "open": 237,
      "high": 238.19,
      "low": 235.03,
      "close": 236.7,
      "volume": 42699524
    },
    {
      "timestamp": 1757995200000,
      "open": 237.175,
      "high": 241.22,
      "low": 236.3235,
      "close": 238.15,
      "volume": 63421099
    },
    {
      "timestamp": 1758081600000,
      "open": 238.97,
      "high": 240.1,
      "low": 237.7301,
      "close": 238.99,
      "volume": 46508017
    },
    {
      "timestamp": 1758168000000,
      "open": 239.97,
      "high": 241.2,
      "low": 236.65,
      "close": 237.88,
      "volume": 44249576
    },
    {
      "timestamp": 1758254400000,
      "open": 241.225,
      "high": 246.3,
      "low": 240.2106,
      "close": 245.5,
      "volume": 163741314
    },
    {
      "timestamp": 1758513600000,
      "open": 248.3,
      "high": 256.64,
      "low": 248.12,
      "close": 256.08,
      "volume": 105517416
    }
  ],
  "timestamp": 1762843988931,
  "ttl": 86400000
}