{
  "data": [
    {
      "timestamp": 1753070400000,
      "open": 157.62,
      "high": 160.34,
      "low": 156.92,
      "close": 157,
      "volume": 39021130
    },
    {
      "timestamp": 1753156800000,
      "open": 156.2,
      "high": 156.2291,
      "low": 149.34,
      "close": 154.72,
      "volume": 49028017
    },
    {
      "timestamp": 1753243200000,
      "open": 156.315,
      "high": 159.4485,
      "low": 156,
      "close": 158.65,
      "volume": 41510896
    },
    {
      "timestamp": 1753329600000,
      "open": 159.12,
      "high": 163.93,
      "low": 158.36,
      "close": 162.12,
      "volume": 48440112
    },
    {
      "timestamp": 1753416000000,
      "open": 163.505,
      "high": 167.175,
      "low": 162.36,
      "close": 166.47,
      "volume": 53432260
    },
    {
      "timestamp": 1753675200000,
      "open": 169.08,
      "high": 174.7,
      "low": 168.67,
      "close": 173.66,
      "volume": 68267835
    },
    {
      "timestamp": 1753761600000,
      "open": 175.205,
      "high": 182.31,
      "low": 174.68,
      "close": 177.44,
      "volume": 108154838
    },
    {
      "timestamp": 1753848000000,
      "open": 175.605,
      "high": 180.37,
      "low": 173.8,
      "close": 179.51,
      "volume": 64820291
    },
    {
      "timestamp": 1753934400000,
      "open": 182.015,
      "high": 182.5,
      "low": 173,
      "close": 176.31,
      "volume": 71765285
    },
    {
      "timestamp": 1754020800000,
      "open": 170.16,
      "high": 174.4,
      "low": 166.82,
      "close": 171.7,
      "volume": 75396130
    },
    {
      "timestamp": 1754280000000,
      "open": 174.605,
      "high": 177.86,
      "low": 173.56,
      "close": 176.78,
      "volume": 52951044
    },
    {
      "timestamp": 1754366400000,
      "open": 177.565,
      "high": 177.99,
      "low": 171.8,
      "close": 174.31,
      "volume": 88808520
    },
    {
      "timestamp": 1754452800000,
      "open": 165.05,
      "high": 166.18,
      "low": 157.8,
      "close": 163.12,
      "volume": 133641835
    },
    {
      "timestamp": 1754539200000,
      "open": 166.835,
      "high": 175.75,
      "low": 166.7,
      "close": 172.4,
      "volume": 95448310
    },
    {
      "timestamp": 1754625600000,
      "open": 174.04,
      "high": 176.48,
      "low": 170.52,
      "close": 172.76,
      "volume": 68866692
    },
    {
      "timestamp": 1754884800000,
      "open": 170.04,
      "high": 178.82,
      "low": 169.38,
      "close": 172.28,
      "volume": 70651033
    },
    {
      "timestamp": 1754971200000,
      "open": 173.32,
      "high": 175.16,
      "low": 168.5,
      "close": 174.95,
      "volume": 52335746
    },
    {
      "timestamp": 1755057600000,
      "open": 179.91,
      "high": 186.65,
      "low": 179.38,
      "close": 184.42,
      "volume": 108305129
    },
    {
      "timestamp": 1755144000000,
      "open": 179.83,
      "high": 185.44,
      "low": 179.56,
      "close": 180.95,
      "volume": 66308821
    },
    {
      "timestamp": 1755230400000,
      "open": 180.06,
      "high": 180.14,
      "low": 176.25,
      "close": 177.51,
      "volume": 51543136
    },
    {
      "timestamp": 1755489600000,
      "open": 176.755,
      "high": 178.7953,
      "low": 174.36,
      "close": 176.14,
      "volume": 35937528
    }
  ],
  "timestamp": 1762843923936,
  "ttl": 86400000
}