{
  "data": [
    {
      "timestamp": 1754280000000,
      "open": 174.605,
      "high": 177.86,
      "low": 173.56,
      "close": 176.78,
      "volume": 52951044
    },
    {
      "timestamp": 1754366400000,
      "open": 177.565,
      "high": 177.99,
      "low": 171.8,
      "close": 174.31,
      "volume": 88808520
    },
    {
      "timestamp": 1754452800000,
      "open": 165.05,
      "high": 166.18,
      "low": 157.8,
      "close": 163.12,
      "volume": 133641835
    },
    {
      "timestamp": 1754539200000,
      "open": 166.835,
      "high": 175.75,
      "low": 166.7,
      "close": 172.4,
      "volume": 95448310
    },
    {
      "timestamp": 1754625600000,
      "open": 174.04,
      "high": 176.48,
      "low": 170.52,
      "close": 172.76,
      "volume": 68866692
    },
    {
      "timestamp": 1754884800000,
      "open": 170.04,
      "high": 178.82,
      "low": 169.38,
      "close": 172.28,
      "volume": 70651033
    },
    {
      "timestamp": 1754971200000,
      "open": 173.32,
      "high": 175.16,
      "low": 168.5,
      "close": 174.95,
      "volume": 52335746
    },
    {
      "timestamp": 1755057600000,
      "open": 179.91,
      "high": 186.65,
      "low": 179.38,
      "close": 184.42,
      "volume": 108305129
    },
    {
      "timestamp": 1755144000000,
      "open": 179.83,
      "high": 185.44,
      "low": 179.56,
      "close": 180.95,
      "volume": 66308821
    },
    {
      "timestamp": 1755230400000,
      "open": 180.06,
      "high": 180.14,
      "low": 176.25,
      "close": 177.51,
      "volume": 51543136
    },
    {
      "timestamp": 1755489600000,
      "open": 176.755,
      "high": 178.7953,
      "low": 174.36,
      "close": 176.14,
      "volume": 35937528
    },
    {
      "timestamp": 1755576000000,
      "open": 173.1,
      "high": 173.17,
      "low": 166.1,
      "close": 166.55,
      "volume": 64455006
    },
    {
      "timestamp": 1755662400000,
      "open": 164.1,
      "high": 166.65,
      "low": 158.25,
      "close": 165.2,
      "volume": 60233226
    },
    {
      "timestamp": 1755748800000,
      "open": 165.86,
      "high": 165.8799,
      "low": 162.2558,
      "close": 163.71,
      "volume": 37880461
    },
    {
      "timestamp": 1755835200000,
      "open": 162.17,
      "high": 168.53,
      "low": 161.8,
      "close": 167.76,
      "volume": 43998605
    },
    {
      "timestamp": 1756094400000,
      "open": 165.55,
      "high": 165.59,
      "low": 161.72,
      "close": 163.36,
      "volume": 36134684
    },
    {
      "timestamp": 1756180800000,
      "open": 168.65,
      "high": 169.77,
      "low": 164.91,
      "close": 166.62,
      "volume": 52138562
    },
    {
      "timestamp": 1756267200000,
      "open": 166.04,
      "high": 167.68,
      "low": 164.65,
      "close": 167.13,
      "volume": 37031044
    },
    {
      "timestamp": 1756353600000,
      "open": 168.5,
      "high": 170.99,
      "low": 166.65,
      "close": 168.58,
      "volume": 36285192
    },
    {
      "timestamp": 1756440000000,
      "open": 166.81,
      "high": 168.57,
      "low": 161.9,
      "close": 162.63,
      "volume": 37516824
    }
  ],
  "timestamp": 1762844229918,
  "ttl": 86400000
}