{
  "data": [
    {
      "timestamp": 1754884800000,
      "open": 170.04,
      "high": 178.82,
      "low": 169.38,
      "close": 172.28,
      "volume": 70651033
    },
    {
      "timestamp": 1754971200000,
      "open": 173.32,
      "high": 175.16,
      "low": 168.5,
      "close": 174.95,
      "volume": 52335746
    },
    {
      "timestamp": 1755057600000,
      "open": 179.91,
      "high": 186.65,
      "low": 179.38,
      "close": 184.42,
      "volume": 108305129
    },
    {
      "timestamp": 1755144000000,
      "open": 179.83,
      "high": 185.44,
      "low": 179.56,
      "close": 180.95,
      "volume": 66308821
    },
    {
      "timestamp": 1755230400000,
      "open": 180.06,
      "high": 180.14,
      "low": 176.25,
      "close": 177.51,
      "volume": 51543136
    },
    {
      "timestamp": 1755489600000,
      "open": 176.755,
      "high": 178.7953,
      "low": 174.36,
      "close": 176.14,
      "volume": 35937528
    },
    {
      "timestamp": 1755576000000,
      "open": 173.1,
      "high": 173.17,
      "low": 166.1,
      "close": 166.55,
      "volume": 64455006
    },
    {
      "timestamp": 1755662400000,
      "open": 164.1,
      "high": 166.65,
      "low": 158.25,
      "close": 165.2,
      "volume": 60233226
    },
    {
      "timestamp": 1755748800000,
      "open": 165.86,
      "high": 165.8799,
      "low": 162.2558,
      "close": 163.71,
      "volume": 37880461
    },
    {
      "timestamp": 1755835200000,
      "open": 162.17,
      "high": 168.53,
      "low": 161.8,
      "close": 167.76,
      "volume": 43998605
    },
    {
      "timestamp": 1756094400000,
      "open": 165.55,
      "high": 165.59,
      "low": 161.72,
      "close": 163.36,
      "volume": 36134684
    },
    {
      "timestamp": 1756180800000,
      "open": 168.65,
      "high": 169.77,
      "low": 164.91,
      "close": 166.62,
      "volume": 52138562
    },
    {
      "timestamp": 1756267200000,
      "open": 166.04,
      "high": 167.68,
      "low": 164.65,
      "close": 167.13,
      "volume": 37031044
    },
    {
      "timestamp": 1756353600000,
      "open": 168.5,
      "high": 170.99,
      "low": 166.65,
      "close": 168.58,
      "volume": 36285192
    },
    {
      "timestamp": 1756440000000,
      "open": 166.81,
      "high": 168.57,
      "low": 161.9,
      "close": 162.63,
      "volume": 37516824
    },
    {
      "timestamp": 1756785600000,
      "open": 158.42,
      "high": 162.3916,
      "low": 156.62,
      "close": 162.32,
      "volume": 38656131
    },
    {
      "timestamp": 1756872000000,
      "open": 161.81,
      "high": 164.75,
      "low": 160.58,
      "close": 162.13,
      "volume": 30752786
    },
    {
      "timestamp": 1756958400000,
      "open": 159.935,
      "high": 162.05,
      "low": 157.79,
      "close": 161.79,
      "volume": 32103496
    },
    {
      "timestamp": 1757044800000,
      "open": 157.12,
      "high": 157.14,
      "low": 150.18,
      "close": 151.14,
      "volume": 78255950
    },
    {
      "timestamp": 1757304000000,
      "open": 151.8,
      "high": 152.6388,
      "low": 149.22,
      "close": 151.41,
      "volume": 41848995
    }
  ],
  "timestamp": 1762844468861,
  "ttl": 86400000
}