{
  "data": [
    {
      "timestamp": 1756094400000,
      "open": 165.55,
      "high": 165.59,
      "low": 161.72,
      "close": 163.36,
      "volume": 36134684
    },
    {
      "timestamp": 1756180800000,
      "open": 168.65,
      "high": 169.77,
      "low": 164.91,
      "close": 166.62,
      "volume": 52138562
    },
    {
      "timestamp": 1756267200000,
      "open": 166.04,
      "high": 167.68,
      "low": 164.65,
      "close": 167.13,
      "volume": 37031044
    },
    {
      "timestamp": 1756353600000,
      "open": 168.5,
      "high": 170.99,
      "low": 166.65,
      "close": 168.58,
      "volume": 36285192
    },
    {
      "timestamp": 1756440000000,
      "open": 166.81,
      "high": 168.57,
      "low": 161.9,
      "close": 162.63,
      "volume": 37516824
    },
    {
      "timestamp": 1756785600000,
      "open": 158.42,
      "high": 162.3916,
      "low": 156.62,
      "close": 162.32,
      "volume": 38656131
    },
    {
      "timestamp": 1756872000000,
      "open": 161.81,
      "high": 164.75,
      "low": 160.58,
      "close": 162.13,
      "volume": 30752786
    },
    {
      "timestamp": 1756958400000,
      "open": 159.935,
      "high": 162.05,
      "low": 157.79,
      "close": 161.79,
      "volume": 32103496
    },
    {
      "timestamp": 1757044800000,
      "open": 157.12,
      "high": 157.14,
      "low": 150.18,
      "close": 151.14,
      "volume": 78255950
    },
    {
      "timestamp": 1757304000000,
      "open": 151.8,
      "high": 152.6388,
      "low": 149.22,
      "close": 151.41,
      "volume": 41848995
    },
    {
      "timestamp": 1757390400000,
      "open": 151.99,
      "high": 156.66,
      "low": 151.93,
      "close": 155.82,
      "volume": 42802472
    },
    {
      "timestamp": 1757476800000,
      "open": 163.54,
      "high": 164.525,
      "low": 158,
      "close": 159.54,
      "volume": 52465270
    },
    {
      "timestamp": 1757563200000,
      "open": 158.62,
      "high": 160.21,
      "low": 154.99,
      "close": 155.67,
      "volume": 48817715
    },
    {
      "timestamp": 1757649600000,
      "open": 157,
      "high": 160.41,
      "low": 154.92,
      "close": 158.57,
      "volume": 42232777
    },
    {
      "timestamp": 1757908800000,
      "open": 160.01,
      "high": 162.3,
      "low": 157.6012,
      "close": 161.16,
      "volume": 36808726
    },
    {
      "timestamp": 1757995200000,
      "open": 161.37,
      "high": 161.95,
      "low": 159.22,
      "close": 160.46,
      "volume": 27946478
    },
    {
      "timestamp": 1758081600000,
      "open": 159.28,
      "high": 161.63,
      "low": 155.76,
      "close": 159.16,
      "volume": 41823842
    },
    {
      "timestamp": 1758168000000,
      "open": 150.96,
      "high": 158.7699,
      "low": 149.85,
      "close": 157.92,
      "volume": 84549468
    },
    {
      "timestamp": 1758254400000,
      "open": 157.38,
      "high": 159.84,
      "low": 155.9,
      "close": 157.39,
      "volume": 55448076
    },
    {
      "timestamp": 1758513600000,
      "open": 157.42,
      "high": 162.68,
      "low": 157.42,
      "close": 159.79,
      "volume": 46505480
    }
  ],
  "timestamp": 1762844647194,
  "ttl": 86400000
}