{
  "data": [
    {
      "timestamp": 1754280000000,
      "open": 217.4,
      "high": 217.44,
      "low": 211.42,
      "close": 211.65,
      "volume": 77890146
    },
    {
      "timestamp": 1754366400000,
      "open": 213.05,
      "high": 216.3,
      "low": 212.87,
      "close": 213.75,
      "volume": 51505121
    },
    {
      "timestamp": 1754452800000,
      "open": 214.695,
      "high": 222.65,
      "low": 213.7409,
      "close": 222.31,
      "volume": 54823045
    },
    {
      "timestamp": 1754539200000,
      "open": 221,
      "high": 226.22,
      "low": 220.82,
      "close": 223.13,
      "volume": 40603513
    },
    {
      "timestamp": 1754625600000,
      "open": 223.14,
      "high": 223.8,
      "low": 221.8836,
      "close": 222.69,
      "volume": 32970477
    },
    {
      "timestamp": 1754884800000,
      "open": 221.78,
      "high": 223.05,
      "low": 220.4,
      "close": 221.3,
      "volume": 31646222
    },
    {
      "timestamp": 1754971200000,
      "open": 222.23,
      "high": 223.5,
      "low": 219.05,
      "close": 221.47,
      "volume": 37254707
    },
    {
      "timestamp": 1755057600000,
      "open": 222,
      "high": 224.9185,
      "low": 222,
      "close": 224.56,
      "volume": 36508335
    },
    {
      "timestamp": 1755144000000,
      "open": 227.4,
      "high": 233.11,
      "low": 227.02,
      "close": 230.98,
      "volume": 61545824
    },
    {
      "timestamp": 1755230400000,
      "open": 232.58,
      "high": 234.08,
      "low": 229.807,
      "close": 231.03,
      "volume": 39649244
    },
    {
      "timestamp": 1755489600000,
      "open": 230.225,
      "high": 231.91,
      "low": 228.33,
      "close": 231.49,
      "volume": 25248890
    },
    {
      "timestamp": 1755576000000,
      "open": 230.09,
      "high": 230.5283,
      "low": 227.12,
      "close": 228.01,
      "volume": 29891012
    },
    {
      "timestamp": 1755662400000,
      "open": 227.12,
      "high": 227.27,
      "low": 220.915,
      "close": 223.81,
      "volume": 36604319
    },
    {
      "timestamp": 1755748800000,
      "open": 222.65,
      "high": 222.78,
      "low": 220.5,
      "close": 221.95,
      "volume": 32140459
    },
    {
      "timestamp": 1755835200000,
      "open": 222.79,
      "high": 229.14,
      "low": 220.82,
      "close": 228.84,
      "volume": 37315341
    },
    {
      "timestamp": 1756094400000,
      "open": 227.35,
      "high": 229.6,
      "low": 227.31,
      "close": 227.94,
      "volume": 22633695
    },
    {
      "timestamp": 1756180800000,
      "open": 227.11,
      "high": 229,
      "low": 226.02,
      "close": 228.71,
      "volume": 26105373
    },
    {
      "timestamp": 1756267200000,
      "open": 228.57,
      "high": 229.87,
      "low": 227.81,
      "close": 229.12,
      "volume": 21254479
    },
    {
      "timestamp": 1756353600000,
      "open": 229.005,
      "high": 232.71,
      "low": 228.02,
      "close": 231.6,
      "volume": 33679585
    },
    {
      "timestamp": 1756440000000,
      "open": 231.32,
      "high": 231.8125,
      "low": 228.16,
      "close": 229,
      "volume": 26199170
    }
  ],
  "timestamp": 1762844227858,
  "ttl": 86400000
}