{
  "data": [
    {
      "timestamp": 1754884800000,
      "open": 221.78,
      "high": 223.05,
      "low": 220.4,
      "close": 221.3,
      "volume": 31646222
    },
    {
      "timestamp": 1754971200000,
      "open": 222.23,
      "high": 223.5,
      "low": 219.05,
      "close": 221.47,
      "volume": 37254707
    },
    {
      "timestamp": 1755057600000,
      "open": 222,
      "high": 224.9185,
      "low": 222,
      "close": 224.56,
      "volume": 36508335
    },
    {
      "timestamp": 1755144000000,
      "open": 227.4,
      "high": 233.11,
      "low": 227.02,
      "close": 230.98,
      "volume": 61545824
    },
    {
      "timestamp": 1755230400000,
      "open": 232.58,
      "high": 234.08,
      "low": 229.807,
      "close": 231.03,
      "volume": 39649244
    },
    {
      "timestamp": 1755489600000,
      "open": 230.225,
      "high": 231.91,
      "low": 228.33,
      "close": 231.49,
      "volume": 25248890
    },
    {
      "timestamp": 1755576000000,
      "open": 230.09,
      "high": 230.5283,
      "low": 227.12,
      "close": 228.01,
      "volume": 29891012
    },
    {
      "timestamp": 1755662400000,
      "open": 227.12,
      "high": 227.27,
      "low": 220.915,
      "close": 223.81,
      "volume": 36604319
    },
    {
      "timestamp": 1755748800000,
      "open": 222.65,
      "high": 222.78,
      "low": 220.5,
      "close": 221.95,
      "volume": 32140459
    },
    {
      "timestamp": 1755835200000,
      "open": 222.79,
      "high": 229.14,
      "low": 220.82,
      "close": 228.84,
      "volume": 37315341
    },
    {
      "timestamp": 1756094400000,
      "open": 227.35,
      "high": 229.6,
      "low": 227.31,
      "close": 227.94,
      "volume": 22633695
    },
    {
      "timestamp": 1756180800000,
      "open": 227.11,
      "high": 229,
      "low": 226.02,
      "close": 228.71,
      "volume": 26105373
    },
    {
      "timestamp": 1756267200000,
      "open": 228.57,
      "high": 229.87,
      "low": 227.81,
      "close": 229.12,
      "volume": 21254479
    },
    {
      "timestamp": 1756353600000,
      "open": 229.005,
      "high": 232.71,
      "low": 228.02,
      "close": 231.6,
      "volume": 33679585
    },
    {
      "timestamp": 1756440000000,
      "open": 231.32,
      "high": 231.8125,
      "low": 228.16,
      "close": 229,
      "volume": 26199170
    },
    {
      "timestamp": 1756785600000,
      "open": 223.52,
      "high": 226.17,
      "low": 221.83,
      "close": 225.34,
      "volume": 38843883
    },
    {
      "timestamp": 1756872000000,
      "open": 225.21,
      "high": 227.1699,
      "low": 224.36,
      "close": 225.99,
      "volume": 29223134
    },
    {
      "timestamp": 1756958400000,
      "open": 231.185,
      "high": 235.77,
      "low": 230.78,
      "close": 235.68,
      "volume": 59391779
    },
    {
      "timestamp": 1757044800000,
      "open": 235.19,
      "high": 236,
      "low": 231.93,
      "close": 232.33,
      "volume": 36721802
    },
    {
      "timestamp": 1757304000000,
      "open": 234.94,
      "high": 237.6,
      "low": 233.75,
      "close": 235.84,
      "volume": 33947104
    }
  ],
  "timestamp": 1762844466801,
  "ttl": 86400000
}