{
  "data": [
    {
      "timestamp": 1756094400000,
      "open": 227.35,
      "high": 229.6,
      "low": 227.31,
      "close": 227.94,
      "volume": 22633695
    },
    {
      "timestamp": 1756180800000,
      "open": 227.11,
      "high": 229,
      "low": 226.02,
      "close": 228.71,
      "volume": 26105373
    },
    {
      "timestamp": 1756267200000,
      "open": 228.57,
      "high": 229.87,
      "low": 227.81,
      "close": 229.12,
      "volume": 21254479
    },
    {
      "timestamp": 1756353600000,
      "open": 229.005,
      "high": 232.71,
      "low": 228.02,
      "close": 231.6,
      "volume": 33679585
    },
    {
      "timestamp": 1756440000000,
      "open": 231.32,
      "high": 231.8125,
      "low": 228.16,
      "close": 229,
      "volume": 26199170
    },
    {
      "timestamp": 1756785600000,
      "open": 223.52,
      "high": 226.17,
      "low": 221.83,
      "close": 225.34,
      "volume": 38843883
    },
    {
      "timestamp": 1756872000000,
      "open": 225.21,
      "high": 227.1699,
      "low": 224.36,
      "close": 225.99,
      "volume": 29223134
    },
    {
      "timestamp": 1756958400000,
      "open": 231.185,
      "high": 235.77,
      "low": 230.78,
      "close": 235.68,
      "volume": 59391779
    },
    {
      "timestamp": 1757044800000,
      "open": 235.19,
      "high": 236,
      "low": 231.93,
      "close": 232.33,
      "volume": 36721802
    },
    {
      "timestamp": 1757304000000,
      "open": 234.94,
      "high": 237.6,
      "low": 233.75,
      "close": 235.84,
      "volume": 33947104
    },
    {
      "timestamp": 1757390400000,
      "open": 236.355,
      "high": 238.85,
      "low": 235.08,
      "close": 238.24,
      "volume": 27033778
    },
    {
      "timestamp": 1757476800000,
      "open": 237.515,
      "high": 237.68,
      "low": 229.0962,
      "close": 230.33,
      "volume": 60907714
    },
    {
      "timestamp": 1757563200000,
      "open": 231.49,
      "high": 231.53,
      "low": 229.3377,
      "close": 229.95,
      "volume": 37485598
    },
    {
      "timestamp": 1757649600000,
      "open": 230.35,
      "high": 230.79,
      "low": 226.29,
      "close": 228.15,
      "volume": 38496218
    },
    {
      "timestamp": 1757908800000,
      "open": 230.625,
      "high": 233.73,
      "low": 230.32,
      "close": 231.43,
      "volume": 33243328
    },
    {
      "timestamp": 1757995200000,
      "open": 232.935,
      "high": 235.9,
      "low": 232.23,
      "close": 234.05,
      "volume": 38203912
    },
    {
      "timestamp": 1758081600000,
      "open": 233.77,
      "high": 234.3,
      "low": 228.71,
      "close": 231.62,
      "volume": 42815230
    },
    {
      "timestamp": 1758168000000,
      "open": 232.5,
      "high": 233.48,
      "low": 228.79,
      "close": 231.23,
      "volume": 37931738
    },
    {
      "timestamp": 1758254400000,
      "open": 232.37,
      "high": 234.16,
      "low": 229.7,
      "close": 231.48,
      "volume": 97943172
    },
    {
      "timestamp": 1758513600000,
      "open": 230.56,
      "high": 230.565,
      "low": 227.51,
      "close": 227.63,
      "volume": 45914506
    }
  ],
  "timestamp": 1762844645137,
  "ttl": 86400000
}