{
  "data": [
    {
      "timestamp": 1752465600000,
      "open": 225.07,
      "high": 226.66,
      "low": 224.24,
      "close": 225.69,
      "volume": 35702597
    },
    {
      "timestamp": 1752552000000,
      "open": 226.2,
      "high": 227.27,
      "low": 225.455,
      "close": 226.35,
      "volume": 34907294
    },
    {
      "timestamp": 1752638400000,
      "open": 225.875,
      "high": 226.1,
      "low": 222.18,
      "close": 223.19,
      "volume": 39535926
    },
    {
      "timestamp": 1752724800000,
      "open": 223.32,
      "high": 224.5,
      "low": 222.51,
      "close": 223.88,
      "volume": 31855831
    },
    {
      "timestamp": 1752811200000,
      "open": 225.14,
      "high": 226.4,
      "low": 222.98,
      "close": 226.13,
      "volume": 37833807
    },
    {
      "timestamp": 1753070400000,
      "open": 225.835,
      "high": 229.69,
      "low": 225.65,
      "close": 229.3,
      "volume": 40297556
    },
    {
      "timestamp": 1753156800000,
      "open": 229.68,
      "high": 230,
      "low": 226.35,
      "close": 227.47,
      "volume": 37483702
    },
    {
      "timestamp": 1753243200000,
      "open": 228.47,
      "high": 228.79,
      "low": 227.09,
      "close": 228.29,
      "volume": 28294852
    },
    {
      "timestamp": 1753329600000,
      "open": 229.17,
      "high": 236,
      "low": 228.64,
      "close": 232.23,
      "volume": 42902266
    },
    {
      "timestamp": 1753416000000,
      "open": 232.22,
      "high": 232.48,
      "low": 231.18,
      "close": 231.44,
      "volume": 28712095
    },
    {
      "timestamp": 1753675200000,
      "open": 233.35,
      "high": 234.29,
      "low": 232.25,
      "close": 232.79,
      "volume": 26300138
    },
    {
      "timestamp": 1753761600000,
      "open": 234.15,
      "high": 234.72,
      "low": 230.31,
      "close": 231.01,
      "volume": 33716220
    },
    {
      "timestamp": 1753848000000,
      "open": 231.64,
      "high": 231.8,
      "low": 229.29,
      "close": 230.19,
      "volume": 32993273
    },
    {
      "timestamp": 1753934400000,
      "open": 235.77,
      "high": 236.53,
      "low": 231.4,
      "close": 234.11,
      "volume": 104357263
    },
    {
      "timestamp": 1754020800000,
      "open": 217.21,
      "high": 220.4399,
      "low": 212.8,
      "close": 214.75,
      "volume": 122258801
    },
    {
      "timestamp": 1754280000000,
      "open": 217.4,
      "high": 217.44,
      "low": 211.42,
      "close": 211.65,
      "volume": 77890146
    },
    {
      "timestamp": 1754366400000,
      "open": 213.05,
      "high": 216.3,
      "low": 212.87,
      "close": 213.75,
      "volume": 51505121
    },
    {
      "timestamp": 1754452800000,
      "open": 214.695,
      "high": 222.65,
      "low": 213.7409,
      "close": 222.31,
      "volume": 54823045
    },
    {
      "timestamp": 1754539200000,
      "open": 221,
      "high": 226.22,
      "low": 220.82,
      "close": 223.13,
      "volume": 40603513
    },
    {
      "timestamp": 1754625600000,
      "open": 223.14,
      "high": 223.8,
      "low": 221.8836,
      "close": 222.69,
      "volume": 32970477
    },
    {
      "timestamp": 1754884800000,
      "open": 221.78,
      "high": 223.05,
      "low": 220.4,
      "close": 221.3,
      "volume": 31646222
    }
  ],
  "timestamp": 1762843745497,
  "ttl": 86400000
}