{
  "data": [
    {
      "timestamp": 1753070400000,
      "open": 119.51,
      "high": 122.31,
      "low": 118.25,
      "close": 120.27,
      "volume": 17937612
    },
    {
      "timestamp": 1753156800000,
      "open": 120.44,
      "high": 121.84,
      "low": 119,
      "close": 120.71,
      "volume": 11551511
    },
    {
      "timestamp": 1753243200000,
      "open": 122.795,
      "high": 123.865,
      "low": 121.4,
      "close": 122.58,
      "volume": 12874232
    },
    {
      "timestamp": 1753329600000,
      "open": 121.85,
      "high": 123.99,
      "low": 120.45,
      "close": 121.15,
      "volume": 11378418
    },
    {
      "timestamp": 1753416000000,
      "open": 120.19,
      "high": 120.48,
      "low": 119.34,
      "close": 120.03,
      "volume": 7060560
    },
    {
      "timestamp": 1753675200000,
      "open": 122.03,
      "high": 123.45,
      "low": 121.53,
      "close": 122.15,
      "volume": 11207373
    },
    {
      "timestamp": 1753761600000,
      "open": 122.49,
      "high": 122.87,
      "low": 119.05,
      "close": 119.36,
      "volume": 13599708
    },
    {
      "timestamp": 1753848000000,
      "open": 119.045,
      "high": 119.5897,
      "low": 116.84,
      "close": 117.38,
      "volume": 12794061
    },
    {
      "timestamp": 1753934400000,
      "open": 117.82,
      "high": 121.34,
      "low": 117.52,
      "close": 120.63,
      "volume": 13650447
    },
    {
      "timestamp": 1754020800000,
      "open": 118.06,
      "high": 118.3699,
      "low": 116.11,
      "close": 117.07,
      "volume": 12424282
    },
    {
      "timestamp": 1754280000000,
      "open": 118.35,
      "high": 119.49,
      "low": 116.86,
      "close": 117.5,
      "volume": 7272111
    },
    {
      "timestamp": 1754366400000,
      "open": 118.1,
      "high": 118.65,
      "low": 116.87,
      "close": 117.04,
      "volume": 5885633
    },
    {
      "timestamp": 1754452800000,
      "open": 118.88,
      "high": 121.29,
      "low": 117.77,
      "close": 120.86,
      "volume": 12079640
    },
    {
      "timestamp": 1754539200000,
      "open": 121.34,
      "high": 122.28,
      "low": 119.6,
      "close": 120.96,
      "volume": 9480594
    },
    {
      "timestamp": 1754625600000,
      "open": 119.32,
      "high": 120.7,
      "low": 118.655,
      "close": 120.36,
      "volume": 9763569
    },
    {
      "timestamp": 1754884800000,
      "open": 120.43,
      "high": 121.3,
      "low": 118.12,
      "close": 118.64,
      "volume": 12071979
    },
    {
      "timestamp": 1754971200000,
      "open": 118.81,
      "high": 122.79,
      "low": 118.1,
      "close": 122.42,
      "volume": 11994896
    },
    {
      "timestamp": 1755057600000,
      "open": 126.69,
      "high": 127.93,
      "low": 125.08,
      "close": 126.86,
      "volume": 19362542
    },
    {
      "timestamp": 1755144000000,
      "open": 123.73,
      "high": 123.93,
      "low": 121.34,
      "close": 122.28,
      "volume": 15045624
    },
    {
      "timestamp": 1755230400000,
      "open": 120.98,
      "high": 122.1888,
      "low": 120.68,
      "close": 121.26,
      "volume": 11141846
    },
    {
      "timestamp": 1755489600000,
      "open": 121.92,
      "high": 123.15,
      "low": 120.9,
      "close": 121.4,
      "volume": 8550427
    }
  ],
  "timestamp": 1762843925994,
  "ttl": 86400000
}