{
  "data": [
    {
      "timestamp": 1752465600000,
      "open": 392.495,
      "high": 398.5,
      "low": 388.58,
      "close": 394.01,
      "volume": 12473533
    },
    {
      "timestamp": 1752552000000,
      "open": 391.525,
      "high": 400.8799,
      "low": 373.0201,
      "close": 388.02,
      "volume": 16889292
    },
    {
      "timestamp": 1752638400000,
      "open": 392.8,
      "high": 405.88,
      "low": 391.46,
      "close": 398.2,
      "volume": 14404657
    },
    {
      "timestamp": 1752724800000,
      "open": 399.7,
      "high": 415.9599,
      "low": 394.277,
      "close": 410.75,
      "volume": 16840535
    },
    {
      "timestamp": 1752811200000,
      "open": 419.82,
      "high": 444.645,
      "low": 406.5,
      "close": 419.78,
      "volume": 28063197
    },
    {
      "timestamp": 1753070400000,
      "open": 425.55,
      "high": 436.3799,
      "low": 413.44,
      "close": 413.63,
      "volume": 17018145
    },
    {
      "timestamp": 1753156800000,
      "open": 419.1,
      "high": 420.9799,
      "low": 394.37,
      "close": 404.44,
      "volume": 14554940
    },
    {
      "timestamp": 1753243200000,
      "open": 399.99,
      "high": 400.72,
      "low": 387.12,
      "close": 397.81,
      "volume": 12433159
    },
    {
      "timestamp": 1753329600000,
      "open": 404.25,
      "high": 405.3077,
      "low": 392,
      "close": 396.7,
      "volume": 7904563
    },
    {
      "timestamp": 1753416000000,
      "open": 391.9,
      "high": 397.48,
      "low": 386.385,
      "close": 391.66,
      "volume": 8643321
    },
    {
      "timestamp": 1753675200000,
      "open": 394.615,
      "high": 395.39,
      "low": 375.26,
      "close": 379.49,
      "volume": 11270400
    },
    {
      "timestamp": 1753761600000,
      "open": 383.585,
      "high": 384.7799,
      "low": 365.74,
      "close": 371.44,
      "volume": 9334666
    },
    {
      "timestamp": 1753848000000,
      "open": 382.95,
      "high": 386.58,
      "low": 372.71,
      "close": 377.48,
      "volume": 11099969
    },
    {
      "timestamp": 1753934400000,
      "open": 382.89,
      "high": 387.14,
      "low": 376.83,
      "close": 377.76,
      "volume": 12371232
    },
    {
      "timestamp": 1754020800000,
      "open": 335.14,
      "high": 337.5825,
      "low": 310.55,
      "close": 314.69,
      "volume": 31342212
    },
    {
      "timestamp": 1754280000000,
      "open": 319.54,
      "high": 324,
      "low": 311,
      "close": 318.17,
      "volume": 12106371
    },
    {
      "timestamp": 1754366400000,
      "open": 307.11,
      "high": 312.85,
      "low": 297.2,
      "close": 297.99,
      "volume": 16863874
    },
    {
      "timestamp": 1754452800000,
      "open": 297.55,
      "high": 304.77,
      "low": 293.3101,
      "close": 303.58,
      "volume": 15982739
    },
    {
      "timestamp": 1754539200000,
      "open": 311.23,
      "high": 317.94,
      "low": 306.98,
      "close": 310.79,
      "volume": 13857155
    },
    {
      "timestamp": 1754625600000,
      "open": 311.44,
      "high": 313.7,
      "low": 301.23,
      "close": 310.54,
      "volume": 9253803
    },
    {
      "timestamp": 1754884800000,
      "open": 322.1,
      "high": 333.66,
      "low": 318.8,
      "close": 319.62,
      "volume": 14664369
    }
  ],
  "timestamp": 1762843804302,
  "ttl": 86400000
}