{
  "data": [
    {
      "timestamp": 1754280000000,
      "open": 319.54,
      "high": 324,
      "low": 311,
      "close": 318.17,
      "volume": 12106371
    },
    {
      "timestamp": 1754366400000,
      "open": 307.11,
      "high": 312.85,
      "low": 297.2,
      "close": 297.99,
      "volume": 16863874
    },
    {
      "timestamp": 1754452800000,
      "open": 297.55,
      "high": 304.77,
      "low": 293.3101,
      "close": 303.58,
      "volume": 15982739
    },
    {
      "timestamp": 1754539200000,
      "open": 311.23,
      "high": 317.94,
      "low": 306.98,
      "close": 310.79,
      "volume": 13857155
    },
    {
      "timestamp": 1754625600000,
      "open": 311.44,
      "high": 313.7,
      "low": 301.23,
      "close": 310.54,
      "volume": 9253803
    },
    {
      "timestamp": 1754884800000,
      "open": 322.1,
      "high": 333.66,
      "low": 318.8,
      "close": 319.62,
      "volume": 14664369
    },
    {
      "timestamp": 1754971200000,
      "open": 329.35,
      "high": 329.86,
      "low": 314.159,
      "close": 322.62,
      "volume": 9985842
    },
    {
      "timestamp": 1755057600000,
      "open": 328.21,
      "high": 345.3899,
      "low": 321.5301,
      "close": 327.01,
      "volume": 15399789
    },
    {
      "timestamp": 1755144000000,
      "open": 320.49,
      "high": 327.451,
      "low": 316.8,
      "close": 324.89,
      "volume": 9403598
    },
    {
      "timestamp": 1755230400000,
      "open": 322.85,
      "high": 323.4,
      "low": 314.56,
      "close": 317.55,
      "volume": 7881210
    },
    {
      "timestamp": 1755489600000,
      "open": 311.48,
      "high": 324.29,
      "low": 307.11,
      "close": 320.73,
      "volume": 8798755
    },
    {
      "timestamp": 1755576000000,
      "open": 320.69,
      "high": 322.59,
      "low": 301.45,
      "close": 302.07,
      "volume": 10327734
    },
    {
      "timestamp": 1755662400000,
      "open": 304.27,
      "high": 306.45,
      "low": 291.46,
      "close": 304.39,
      "volume": 8570325
    },
    {
      "timestamp": 1755748800000,
      "open": 301.415,
      "high": 304.9999,
      "low": 297.8001,
      "close": 300.28,
      "volume": 5743375
    },
    {
      "timestamp": 1755835200000,
      "open": 300.59,
      "high": 322.26,
      "low": 297.19,
      "close": 319.85,
      "volume": 13029182
    },
    {
      "timestamp": 1756094400000,
      "open": 312.175,
      "high": 315.59,
      "low": 305.1,
      "close": 306,
      "volume": 8473899
    },
    {
      "timestamp": 1756180800000,
      "open": 304,
      "high": 309.2,
      "low": 300.37,
      "close": 308.48,
      "volume": 7745448
    },
    {
      "timestamp": 1756267200000,
      "open": 307.21,
      "high": 312.41,
      "low": 306.69,
      "close": 308.97,
      "volume": 5746292
    },
    {
      "timestamp": 1756353600000,
      "open": 312.56,
      "high": 315.95,
      "low": 306,
      "close": 308.47,
      "volume": 6292468
    },
    {
      "timestamp": 1756440000000,
      "open": 306.19,
      "high": 308.22,
      "low": 301.5,
      "close": 304.54,
      "volume": 6611440
    }
  ],
  "timestamp": 1762844280549,
  "ttl": 86400000
}