{
  "data": [
    {
      "timestamp": 1754280000000,
      "open": 190.29,
      "high": 195.27,
      "low": 190.12,
      "close": 195.04,
      "volume": 31547350
    },
    {
      "timestamp": 1754366400000,
      "open": 194.71,
      "high": 197.8599,
      "low": 193.885,
      "close": 194.67,
      "volume": 31602340
    },
    {
      "timestamp": 1754452800000,
      "open": 194.5,
      "high": 196.63,
      "low": 193.67,
      "close": 196.09,
      "volume": 21562908
    },
    {
      "timestamp": 1754539200000,
      "open": 197.06,
      "high": 197.54,
      "low": 194.33,
      "close": 196.52,
      "volume": 26321811
    },
    {
      "timestamp": 1754625600000,
      "open": 197.22,
      "high": 202.61,
      "low": 197.17,
      "close": 201.42,
      "volume": 39161826
    },
    {
      "timestamp": 1754884800000,
      "open": 200.935,
      "high": 201.475,
      "low": 199.07,
      "close": 201,
      "volume": 25832435
    },
    {
      "timestamp": 1754971200000,
      "open": 201.365,
      "high": 204.5,
      "low": 200.59,
      "close": 203.34,
      "volume": 30424452
    },
    {
      "timestamp": 1755057600000,
      "open": 204.13,
      "high": 204.53,
      "low": 197.5101,
      "close": 201.96,
      "volume": 28342922
    },
    {
      "timestamp": 1755144000000,
      "open": 201.5,
      "high": 204.44,
      "low": 201.225,
      "close": 202.94,
      "volume": 25230427
    },
    {
      "timestamp": 1755230400000,
      "open": 203.85,
      "high": 206.44,
      "low": 201.28,
      "close": 203.9,
      "volume": 34931422
    },
    {
      "timestamp": 1755489600000,
      "open": 204.2,
      "high": 205.265,
      "low": 202.49,
      "close": 203.5,
      "volume": 18526594
    },
    {
      "timestamp": 1755576000000,
      "open": 203.03,
      "high": 203.44,
      "low": 199.96,
      "close": 201.57,
      "volume": 24240233
    },
    {
      "timestamp": 1755662400000,
      "open": 200.73,
      "high": 201.28,
      "low": 196.595,
      "close": 199.32,
      "volume": 28955498
    },
    {
      "timestamp": 1755748800000,
      "open": 199.745,
      "high": 202.48,
      "low": 199.43,
      "close": 199.75,
      "volume": 19774633
    },
    {
      "timestamp": 1755835200000,
      "open": 202.73,
      "high": 208.54,
      "low": 201.3,
      "close": 206.09,
      "volume": 42827040
    },
    {
      "timestamp": 1756094400000,
      "open": 206.43,
      "high": 210.52,
      "low": 205.28,
      "close": 208.49,
      "volume": 29928878
    },
    {
      "timestamp": 1756180800000,
      "open": 207.51,
      "high": 207.85,
      "low": 205.7,
      "close": 207.14,
      "volume": 28464130
    },
    {
      "timestamp": 1756267200000,
      "open": 205.7,
      "high": 208.91,
      "low": 205.65,
      "close": 207.48,
      "volume": 23022850
    },
    {
      "timestamp": 1756353600000,
      "open": 207.25,
      "high": 212.22,
      "low": 206.9,
      "close": 211.64,
      "volume": 32339307
    },
    {
      "timestamp": 1756440000000,
      "open": 210.51,
      "high": 214.645,
      "low": 210.2,
      "close": 212.91,
      "volume": 39728364
    }
  ],
  "timestamp": 1762844229792,
  "ttl": 86400000
}