{
  "data": [
    {
      "timestamp": 1752465600000,
      "open": 181.01,
      "high": 183.67,
      "low": 179.68,
      "close": 181.56,
      "volume": 32536632
    },
    {
      "timestamp": 1752552000000,
      "open": 182.81,
      "high": 184.22,
      "low": 181.6,
      "close": 182,
      "volume": 33448251
    },
    {
      "timestamp": 1752638400000,
      "open": 183.235,
      "high": 184.327,
      "low": 182.03,
      "close": 182.97,
      "volume": 33104193
    },
    {
      "timestamp": 1752724800000,
      "open": 182.14,
      "high": 184.06,
      "low": 180.48,
      "close": 183.58,
      "volume": 31992565
    },
    {
      "timestamp": 1752811200000,
      "open": 185.4,
      "high": 186.42,
      "low": 183.71,
      "close": 185.06,
      "volume": 34014509
    },
    {
      "timestamp": 1753070400000,
      "open": 186.25,
      "high": 190.285,
      "low": 186.15,
      "close": 190.1,
      "volume": 45803129
    },
    {
      "timestamp": 1753156800000,
      "open": 191.495,
      "high": 191.645,
      "low": 187.46,
      "close": 191.34,
      "volume": 44660215
    },
    {
      "timestamp": 1753243200000,
      "open": 191.5,
      "high": 192.53,
      "low": 189.18,
      "close": 190.23,
      "volume": 58681948
    },
    {
      "timestamp": 1753329600000,
      "open": 197.03,
      "high": 197.95,
      "low": 191,
      "close": 192.17,
      "volume": 74881687
    },
    {
      "timestamp": 1753416000000,
      "open": 191.98,
      "high": 194.33,
      "low": 191.26,
      "close": 193.18,
      "volume": 39785863
    },
    {
      "timestamp": 1753675200000,
      "open": 193.65,
      "high": 194.05,
      "low": 190.84,
      "close": 192.58,
      "volume": 38139504
    },
    {
      "timestamp": 1753761600000,
      "open": 192.43,
      "high": 195.92,
      "low": 192.08,
      "close": 195.75,
      "volume": 41389153
    },
    {
      "timestamp": 1753848000000,
      "open": 195.6,
      "high": 197.5999,
      "low": 194.685,
      "close": 196.53,
      "volume": 32445405
    },
    {
      "timestamp": 1753934400000,
      "open": 195.71,
      "high": 195.99,
      "low": 191.09,
      "close": 191.9,
      "volume": 51329163
    },
    {
      "timestamp": 1754020800000,
      "open": 189.025,
      "high": 190.83,
      "low": 187.82,
      "close": 189.13,
      "volume": 34832181
    },
    {
      "timestamp": 1754280000000,
      "open": 190.29,
      "high": 195.27,
      "low": 190.12,
      "close": 195.04,
      "volume": 31547350
    },
    {
      "timestamp": 1754366400000,
      "open": 194.71,
      "high": 197.8599,
      "low": 193.885,
      "close": 194.67,
      "volume": 31602340
    },
    {
      "timestamp": 1754452800000,
      "open": 194.5,
      "high": 196.63,
      "low": 193.67,
      "close": 196.09,
      "volume": 21562908
    },
    {
      "timestamp": 1754539200000,
      "open": 197.06,
      "high": 197.54,
      "low": 194.33,
      "close": 196.52,
      "volume": 26321811
    },
    {
      "timestamp": 1754625600000,
      "open": 197.22,
      "high": 202.61,
      "low": 197.17,
      "close": 201.42,
      "volume": 39161826
    },
    {
      "timestamp": 1754884800000,
      "open": 200.935,
      "high": 201.475,
      "low": 199.07,
      "close": 201,
      "volume": 25832435
    }
  ],
  "timestamp": 1762843745635,
  "ttl": 86400000
}