{
  "data": [
    {
      "timestamp": 1753070400000,
      "open": 186.25,
      "high": 190.285,
      "low": 186.15,
      "close": 190.1,
      "volume": 45803129
    },
    {
      "timestamp": 1753156800000,
      "open": 191.495,
      "high": 191.645,
      "low": 187.46,
      "close": 191.34,
      "volume": 44660215
    },
    {
      "timestamp": 1753243200000,
      "open": 191.5,
      "high": 192.53,
      "low": 189.18,
      "close": 190.23,
      "volume": 58681948
    },
    {
      "timestamp": 1753329600000,
      "open": 197.03,
      "high": 197.95,
      "low": 191,
      "close": 192.17,
      "volume": 74881687
    },
    {
      "timestamp": 1753416000000,
      "open": 191.98,
      "high": 194.33,
      "low": 191.26,
      "close": 193.18,
      "volume": 39785863
    },
    {
      "timestamp": 1753675200000,
      "open": 193.65,
      "high": 194.05,
      "low": 190.84,
      "close": 192.58,
      "volume": 38139504
    },
    {
      "timestamp": 1753761600000,
      "open": 192.43,
      "high": 195.92,
      "low": 192.08,
      "close": 195.75,
      "volume": 41389153
    },
    {
      "timestamp": 1753848000000,
      "open": 195.6,
      "high": 197.5999,
      "low": 194.685,
      "close": 196.53,
      "volume": 32445405
    },
    {
      "timestamp": 1753934400000,
      "open": 195.71,
      "high": 195.99,
      "low": 191.09,
      "close": 191.9,
      "volume": 51329163
    },
    {
      "timestamp": 1754020800000,
      "open": 189.025,
      "high": 190.83,
      "low": 187.82,
      "close": 189.13,
      "volume": 34832181
    },
    {
      "timestamp": 1754280000000,
      "open": 190.29,
      "high": 195.27,
      "low": 190.12,
      "close": 195.04,
      "volume": 31547350
    },
    {
      "timestamp": 1754366400000,
      "open": 194.71,
      "high": 197.8599,
      "low": 193.885,
      "close": 194.67,
      "volume": 31602340
    },
    {
      "timestamp": 1754452800000,
      "open": 194.5,
      "high": 196.63,
      "low": 193.67,
      "close": 196.09,
      "volume": 21562908
    },
    {
      "timestamp": 1754539200000,
      "open": 197.06,
      "high": 197.54,
      "low": 194.33,
      "close": 196.52,
      "volume": 26321811
    },
    {
      "timestamp": 1754625600000,
      "open": 197.22,
      "high": 202.61,
      "low": 197.17,
      "close": 201.42,
      "volume": 39161826
    },
    {
      "timestamp": 1754884800000,
      "open": 200.935,
      "high": 201.475,
      "low": 199.07,
      "close": 201,
      "volume": 25832435
    },
    {
      "timestamp": 1754971200000,
      "open": 201.365,
      "high": 204.5,
      "low": 200.59,
      "close": 203.34,
      "volume": 30424452
    },
    {
      "timestamp": 1755057600000,
      "open": 204.13,
      "high": 204.53,
      "low": 197.5101,
      "close": 201.96,
      "volume": 28342922
    },
    {
      "timestamp": 1755144000000,
      "open": 201.5,
      "high": 204.44,
      "low": 201.225,
      "close": 202.94,
      "volume": 25230427
    },
    {
      "timestamp": 1755230400000,
      "open": 203.85,
      "high": 206.44,
      "low": 201.28,
      "close": 203.9,
      "volume": 34931422
    },
    {
      "timestamp": 1755489600000,
      "open": 204.2,
      "high": 205.265,
      "low": 202.49,
      "close": 203.5,
      "volume": 18526594
    }
  ],
  "timestamp": 1762843923875,
  "ttl": 86400000
}