{
  "data": [
    {
      "timestamp": 1756094400000,
      "open": 206.43,
      "high": 210.52,
      "low": 205.28,
      "close": 208.49,
      "volume": 29928878
    },
    {
      "timestamp": 1756180800000,
      "open": 207.51,
      "high": 207.85,
      "low": 205.7,
      "close": 207.14,
      "volume": 28464130
    },
    {
      "timestamp": 1756267200000,
      "open": 205.7,
      "high": 208.91,
      "low": 205.65,
      "close": 207.48,
      "volume": 23022850
    },
    {
      "timestamp": 1756353600000,
      "open": 207.25,
      "high": 212.22,
      "low": 206.9,
      "close": 211.64,
      "volume": 32339307
    },
    {
      "timestamp": 1756440000000,
      "open": 210.51,
      "high": 214.645,
      "low": 210.2,
      "close": 212.91,
      "volume": 39728364
    },
    {
      "timestamp": 1756785600000,
      "open": 208.44,
      "high": 211.675,
      "low": 206.195,
      "close": 211.35,
      "volume": 47523037
    },
    {
      "timestamp": 1756872000000,
      "open": 226.21,
      "high": 231.31,
      "low": 224.79,
      "close": 230.66,
      "volume": 103336125
    },
    {
      "timestamp": 1756958400000,
      "open": 229.65,
      "high": 232.37,
      "low": 226.11,
      "close": 232.3,
      "volume": 51684167
    },
    {
      "timestamp": 1757044800000,
      "open": 232.2,
      "high": 235.76,
      "low": 231.9,
      "close": 235,
      "volume": 46588925
    },
    {
      "timestamp": 1757304000000,
      "open": 235.47,
      "high": 238.13,
      "low": 233.67,
      "close": 234.04,
      "volume": 32474743
    },
    {
      "timestamp": 1757390400000,
      "open": 234.165,
      "high": 240.47,
      "low": 233.229,
      "close": 239.63,
      "volume": 38060959
    },
    {
      "timestamp": 1757476800000,
      "open": 238.9,
      "high": 241.66,
      "low": 237.85,
      "close": 239.17,
      "volume": 35141074
    },
    {
      "timestamp": 1757563200000,
      "open": 239.88,
      "high": 242.25,
      "low": 236.25,
      "close": 240.37,
      "volume": 30599328
    },
    {
      "timestamp": 1757649600000,
      "open": 240.37,
      "high": 242.075,
      "low": 238,
      "close": 240.8,
      "volume": 26771610
    },
    {
      "timestamp": 1757908800000,
      "open": 244.66,
      "high": 252.4099,
      "low": 244.66,
      "close": 251.61,
      "volume": 58383796
    },
    {
      "timestamp": 1757995200000,
      "open": 252.08,
      "high": 253.04,
      "low": 249.47,
      "close": 251.16,
      "volume": 34109720
    },
    {
      "timestamp": 1758081600000,
      "open": 251.22,
      "high": 251.6,
      "low": 246.28,
      "close": 249.53,
      "volume": 34107992
    },
    {
      "timestamp": 1758168000000,
      "open": 251.68,
      "high": 253.99,
      "low": 249.8,
      "close": 252.03,
      "volume": 31239474
    },
    {
      "timestamp": 1758254400000,
      "open": 253.25,
      "high": 256,
      "low": 251.81,
      "close": 254.72,
      "volume": 55571424
    },
    {
      "timestamp": 1758513600000,
      "open": 254.43,
      "high": 255.78,
      "low": 250.3,
      "close": 252.53,
      "volume": 32290538
    }
  ],
  "timestamp": 1762844647082,
  "ttl": 86400000
}