{
  "data": [
    {
      "timestamp": 1754884800000,
      "open": 200.935,
      "high": 201.475,
      "low": 199.07,
      "close": 201,
      "volume": 25832435
    },
    {
      "timestamp": 1754971200000,
      "open": 201.365,
      "high": 204.5,
      "low": 200.59,
      "close": 203.34,
      "volume": 30424452
    },
    {
      "timestamp": 1755057600000,
      "open": 204.13,
      "high": 204.53,
      "low": 197.5101,
      "close": 201.96,
      "volume": 28342922
    },
    {
      "timestamp": 1755144000000,
      "open": 201.5,
      "high": 204.44,
      "low": 201.225,
      "close": 202.94,
      "volume": 25230427
    },
    {
      "timestamp": 1755230400000,
      "open": 203.85,
      "high": 206.44,
      "low": 201.28,
      "close": 203.9,
      "volume": 34931422
    },
    {
      "timestamp": 1755489600000,
      "open": 204.2,
      "high": 205.265,
      "low": 202.49,
      "close": 203.5,
      "volume": 18526594
    },
    {
      "timestamp": 1755576000000,
      "open": 203.03,
      "high": 203.44,
      "low": 199.96,
      "close": 201.57,
      "volume": 24240233
    },
    {
      "timestamp": 1755662400000,
      "open": 200.73,
      "high": 201.28,
      "low": 196.595,
      "close": 199.32,
      "volume": 28955498
    },
    {
      "timestamp": 1755748800000,
      "open": 199.745,
      "high": 202.48,
      "low": 199.43,
      "close": 199.75,
      "volume": 19774633
    },
    {
      "timestamp": 1755835200000,
      "open": 202.73,
      "high": 208.54,
      "low": 201.3,
      "close": 206.09,
      "volume": 42827040
    },
    {
      "timestamp": 1756094400000,
      "open": 206.43,
      "high": 210.52,
      "low": 205.28,
      "close": 208.49,
      "volume": 29928878
    },
    {
      "timestamp": 1756180800000,
      "open": 207.51,
      "high": 207.85,
      "low": 205.7,
      "close": 207.14,
      "volume": 28464130
    },
    {
      "timestamp": 1756267200000,
      "open": 205.7,
      "high": 208.91,
      "low": 205.65,
      "close": 207.48,
      "volume": 23022850
    },
    {
      "timestamp": 1756353600000,
      "open": 207.25,
      "high": 212.22,
      "low": 206.9,
      "close": 211.64,
      "volume": 32339307
    },
    {
      "timestamp": 1756440000000,
      "open": 210.51,
      "high": 214.645,
      "low": 210.2,
      "close": 212.91,
      "volume": 39728364
    },
    {
      "timestamp": 1756785600000,
      "open": 208.44,
      "high": 211.675,
      "low": 206.195,
      "close": 211.35,
      "volume": 47523037
    },
    {
      "timestamp": 1756872000000,
      "open": 226.21,
      "high": 231.31,
      "low": 224.79,
      "close": 230.66,
      "volume": 103336125
    },
    {
      "timestamp": 1756958400000,
      "open": 229.65,
      "high": 232.37,
      "low": 226.11,
      "close": 232.3,
      "volume": 51684167
    },
    {
      "timestamp": 1757044800000,
      "open": 232.2,
      "high": 235.76,
      "low": 231.9,
      "close": 235,
      "volume": 46588925
    },
    {
      "timestamp": 1757304000000,
      "open": 235.47,
      "high": 238.13,
      "low": 233.67,
      "close": 234.04,
      "volume": 32474743
    }
  ],
  "timestamp": 1762844468746,
  "ttl": 86400000
}