{
  "data": [
    {
      "timestamp": 1752465600000,
      "open": 22.9,
      "high": 23.1,
      "low": 22.5,
      "close": 22.7,
      "volume": 7494095.5
    },
    {
      "timestamp": 1752552000000,
      "open": 22.8,
      "high": 23.7,
      "low": 22.8,
      "close": 23.3,
      "volume": 9086452.5
    },
    {
      "timestamp": 1752638400000,
      "open": 23.35,
      "high": 23.4,
      "low": 22.3,
      "close": 22.9,
      "volume": 7989834.1
    },
    {
      "timestamp": 1752724800000,
      "open": 30,
      "high": 33.7,
      "low": 28.3,
      "close": 31.2,
      "volume": 94068340.4
    },
    {
      "timestamp": 1752811200000,
      "open": 30.1,
      "high": 32.1,
      "low": 28.7,
      "close": 30.4,
      "volume": 29446439.6
    },
    {
      "timestamp": 1753070400000,
      "open": 30.6,
      "high": 31.2,
      "low": 27.6,
      "close": 28.2,
      "volume": 24268132.7
    },
    {
      "timestamp": 1753156800000,
      "open": 27.6,
      "high": 31.5,
      "low": 27.5,
      "close": 31.3,
      "volume": 25931612
    },
    {
      "timestamp": 1753243200000,
      "open": 31.55,
      "high": 33.1,
      "low": 30.4,
      "close": 30.8,
      "volume": 18151144.6
    },
    {
      "timestamp": 1753329600000,
      "open": 30.4,
      "high": 30.7,
      "low": 29.1,
      "close": 29.9,
      "volume": 9327395.6
    },
    {
      "timestamp": 1753416000000,
      "open": 29.82,
      "high": 30.1,
      "low": 28.6,
      "close": 29.2,
      "volume": 7518854.1
    },
    {
      "timestamp": 1753675200000,
      "open": 29.4,
      "high": 29.6,
      "low": 27.7,
      "close": 27.9,
      "volume": 7655629.1
    },
    {
      "timestamp": 1753761600000,
      "open": 27.7,
      "high": 27.8,
      "low": 25.4,
      "close": 25.6,
      "volume": 11922731.8
    },
    {
      "timestamp": 1753848000000,
      "open": 25.5,
      "high": 25.9,
      "low": 24.7,
      "close": 25,
      "volume": 11196401.8
    },
    {
      "timestamp": 1753934400000,
      "open": 25,
      "high": 25.3,
      "low": 24.6,
      "close": 24.6,
      "volume": 6524887.2
    },
    {
      "timestamp": 1754020800000,
      "open": 23.8,
      "high": 24.4,
      "low": 23.2,
      "close": 24.2,
      "volume": 9196912.1
    },
    {
      "timestamp": 1754280000000,
      "open": 24.85,
      "high": 24.85,
      "low": 23.9,
      "close": 24.1,
      "volume": 7263601
    },
    {
      "timestamp": 1754366400000,
      "open": 24.7,
      "high": 24.7,
      "low": 23.9,
      "close": 24.2,
      "volume": 9077584.6
    },
    {
      "timestamp": 1754452800000,
      "open": 22.4,
      "high": 22.6,
      "low": 21.6,
      "close": 21.85,
      "volume": 13652328.5
    },
    {
      "timestamp": 1754539200000,
      "open": 22.05,
      "high": 22.2,
      "low": 21.5,
      "close": 21.7,
      "volume": 6116171.2
    },
    {
      "timestamp": 1754625600000,
      "open": 21.7,
      "high": 21.8,
      "low": 21.3,
      "close": 21.3,
      "volume": 6887211.2
    },
    {
      "timestamp": 1754884800000,
      "open": 21.55,
      "high": 22.7,
      "low": 21.4,
      "close": 21.9,
      "volume": 11729450.6
    }
  ],
  "timestamp": 1762843806362,
  "ttl": 86400000
}