{
  "data": [
    {
      "timestamp": 1754280000000,
      "open": 24.85,
      "high": 24.85,
      "low": 23.9,
      "close": 24.1,
      "volume": 7263601
    },
    {
      "timestamp": 1754366400000,
      "open": 24.7,
      "high": 24.7,
      "low": 23.9,
      "close": 24.2,
      "volume": 9077584.6
    },
    {
      "timestamp": 1754452800000,
      "open": 22.4,
      "high": 22.6,
      "low": 21.6,
      "close": 21.85,
      "volume": 13652328.5
    },
    {
      "timestamp": 1754539200000,
      "open": 22.05,
      "high": 22.2,
      "low": 21.5,
      "close": 21.7,
      "volume": 6116171.2
    },
    {
      "timestamp": 1754625600000,
      "open": 21.7,
      "high": 21.8,
      "low": 21.3,
      "close": 21.3,
      "volume": 6887211.2
    },
    {
      "timestamp": 1754884800000,
      "open": 21.55,
      "high": 22.7,
      "low": 21.4,
      "close": 21.9,
      "volume": 11729450.6
    },
    {
      "timestamp": 1754971200000,
      "open": 22.1,
      "high": 22.9,
      "low": 21.7,
      "close": 22.7,
      "volume": 7525614.2
    },
    {
      "timestamp": 1755057600000,
      "open": 22.9,
      "high": 23.5,
      "low": 22.2,
      "close": 23.4,
      "volume": 7055877.8
    },
    {
      "timestamp": 1755144000000,
      "open": 22.9,
      "high": 23.4,
      "low": 22.4,
      "close": 22.5,
      "volume": 4029385.6
    },
    {
      "timestamp": 1755230400000,
      "open": 22.6,
      "high": 22.7,
      "low": 21.8,
      "close": 21.8,
      "volume": 5436106.4
    },
    {
      "timestamp": 1755489600000,
      "open": 22.05,
      "high": 22.3,
      "low": 21.6,
      "close": 21.8,
      "volume": 5582602
    },
    {
      "timestamp": 1755576000000,
      "open": 21.9,
      "high": 22.1,
      "low": 21.2,
      "close": 21.3,
      "volume": 6374152.8
    },
    {
      "timestamp": 1755662400000,
      "open": 21.3,
      "high": 21.4,
      "low": 20.6,
      "close": 20.9,
      "volume": 7885942.7
    },
    {
      "timestamp": 1755748800000,
      "open": 21,
      "high": 21.1,
      "low": 20.7,
      "close": 20.9,
      "volume": 5200888.7
    },
    {
      "timestamp": 1755835200000,
      "open": 20.5,
      "high": 21,
      "low": 19.8,
      "close": 20.3,
      "volume": 14507419.1
    },
    {
      "timestamp": 1756094400000,
      "open": 20.35,
      "high": 21.1,
      "low": 20.2,
      "close": 20.8,
      "volume": 7875504.5
    },
    {
      "timestamp": 1756180800000,
      "open": 20.9,
      "high": 21.9,
      "low": 20.8,
      "close": 21.1,
      "volume": 8714789.4
    },
    {
      "timestamp": 1756267200000,
      "open": 21.15,
      "high": 21.5,
      "low": 20.7,
      "close": 20.8,
      "volume": 7118876
    },
    {
      "timestamp": 1756353600000,
      "open": 20.8,
      "high": 21.1,
      "low": 20.3,
      "close": 20.7,
      "volume": 8344921
    },
    {
      "timestamp": 1756440000000,
      "open": 20.6,
      "high": 20.8,
      "low": 19.7,
      "close": 19.8,
      "volume": 12997360.2
    }
  ],
  "timestamp": 1762844282609,
  "ttl": 86400000
}