{
  "data": [
    {
      "timestamp": 1753070400000,
      "open": 14.91,
      "high": 15.27,
      "low": 14.75,
      "close": 14.77,
      "volume": 15085720
    },
    {
      "timestamp": 1753156800000,
      "open": 14.73,
      "high": 15.03,
      "low": 14.5,
      "close": 14.86,
      "volume": 9548337
    },
    {
      "timestamp": 1753243200000,
      "open": 15,
      "high": 15.01,
      "low": 14.58,
      "close": 14.73,
      "volume": 12189036
    },
    {
      "timestamp": 1753329600000,
      "open": 14.73,
      "high": 14.91,
      "low": 14.3548,
      "close": 14.38,
      "volume": 15268250
    },
    {
      "timestamp": 1753416000000,
      "open": 14.39,
      "high": 14.415,
      "low": 14.12,
      "close": 14.3,
      "volume": 13869731
    },
    {
      "timestamp": 1753675200000,
      "open": 14.39,
      "high": 14.59,
      "low": 14.145,
      "close": 14.16,
      "volume": 10924028
    },
    {
      "timestamp": 1753761600000,
      "open": 14.22,
      "high": 14.315,
      "low": 13.85,
      "close": 14.04,
      "volume": 13318226
    },
    {
      "timestamp": 1753848000000,
      "open": 14.04,
      "high": 14.13,
      "low": 13.71,
      "close": 14.02,
      "volume": 20397245
    },
    {
      "timestamp": 1753934400000,
      "open": 14.06,
      "high": 14.17,
      "low": 13.9121,
      "close": 14.06,
      "volume": 15829005
    },
    {
      "timestamp": 1754020800000,
      "open": 13.81,
      "high": 13.9,
      "low": 13.525,
      "close": 13.62,
      "volume": 17533051
    },
    {
      "timestamp": 1754280000000,
      "open": 14.03,
      "high": 14.26,
      "low": 13.9,
      "close": 14.08,
      "volume": 20579787
    },
    {
      "timestamp": 1754366400000,
      "open": 14.35,
      "high": 14.58,
      "low": 14.25,
      "close": 14.51,
      "volume": 26772435
    },
    {
      "timestamp": 1754452800000,
      "open": 14.41,
      "high": 14.425,
      "low": 13.75,
      "close": 13.99,
      "volume": 45130632
    },
    {
      "timestamp": 1754539200000,
      "open": 13.95,
      "high": 14.67,
      "low": 13.56,
      "close": 14.21,
      "volume": 44918159
    },
    {
      "timestamp": 1754625600000,
      "open": 14.26,
      "high": 14.4,
      "low": 13.39,
      "close": 13.41,
      "volume": 24335925
    },
    {
      "timestamp": 1754884800000,
      "open": 13.41,
      "high": 13.675,
      "low": 13.1645,
      "close": 13.46,
      "volume": 19428735
    },
    {
      "timestamp": 1754971200000,
      "open": 13.6,
      "high": 13.985,
      "low": 13.59,
      "close": 13.88,
      "volume": 16301807
    },
    {
      "timestamp": 1755057600000,
      "open": 13.99,
      "high": 14.63,
      "low": 13.9305,
      "close": 14.58,
      "volume": 21167934
    },
    {
      "timestamp": 1755144000000,
      "open": 14.33,
      "high": 14.72,
      "low": 14.33,
      "close": 14.62,
      "volume": 13072455
    },
    {
      "timestamp": 1755230400000,
      "open": 14.69,
      "high": 16.115,
      "low": 14.69,
      "close": 15.82,
      "volume": 35423173
    },
    {
      "timestamp": 1755489600000,
      "open": 15.83,
      "high": 16.06,
      "low": 15.455,
      "close": 16.02,
      "volume": 19740950
    }
  ],
  "timestamp": 1762843986865,
  "ttl": 86400000
}