{
  "data": [
    {
      "timestamp": 1754884800000,
      "open": 770.075,
      "high": 773.4584,
      "low": 764.67,
      "close": 765.87,
      "volume": 7611964
    },
    {
      "timestamp": 1754971200000,
      "open": 773,
      "high": 793.67,
      "low": 772.43,
      "close": 790,
      "volume": 14579765
    },
    {
      "timestamp": 1755057600000,
      "open": 791.15,
      "high": 795.4561,
      "low": 778.23,
      "close": 780.08,
      "volume": 8811750
    },
    {
      "timestamp": 1755144000000,
      "open": 777.88,
      "high": 787.81,
      "low": 772.51,
      "close": 782.13,
      "volume": 8116193
    },
    {
      "timestamp": 1755230400000,
      "open": 784.15,
      "high": 796.25,
      "low": 780.82,
      "close": 785.23,
      "volume": 13375361
    },
    {
      "timestamp": 1755489600000,
      "open": 775.085,
      "high": 775.81,
      "low": 756.5601,
      "close": 767.37,
      "volume": 16513737
    },
    {
      "timestamp": 1755576000000,
      "open": 767.12,
      "high": 767.17,
      "low": 749.36,
      "close": 751.48,
      "volume": 12286690
    },
    {
      "timestamp": 1755662400000,
      "open": 747.57,
      "high": 750.1999,
      "low": 731,
      "close": 747.72,
      "volume": 11898190
    },
    {
      "timestamp": 1755748800000,
      "open": 744.705,
      "high": 745.5,
      "low": 733.1101,
      "close": 739.1,
      "volume": 8876307
    },
    {
      "timestamp": 1755835200000,
      "open": 739.23,
      "high": 756.9,
      "low": 734.39,
      "close": 754.79,
      "volume": 10612667
    },
    {
      "timestamp": 1756094400000,
      "open": 754.82,
      "high": 758.88,
      "low": 750.13,
      "close": 753.3,
      "volume": 6861158
    },
    {
      "timestamp": 1756180800000,
      "open": 750.8,
      "high": 754.87,
      "low": 747.94,
      "close": 754.1,
      "volume": 7601800
    },
    {
      "timestamp": 1756267200000,
      "open": 752.3,
      "high": 754.1499,
      "low": 742.84,
      "close": 747.38,
      "volume": 8315435
    },
    {
      "timestamp": 1756353600000,
      "open": 744,
      "high": 753.0548,
      "low": 740.795,
      "close": 751.11,
      "volume": 7467955
    },
    {
      "timestamp": 1756440000000,
      "open": 745.28,
      "high": 747.14,
      "low": 735.3466,
      "close": 738.7,
      "volume": 9070546
    },
    {
      "timestamp": 1756785600000,
      "open": 726.04,
      "high": 736,
      "low": 721.7306,
      "close": 735.11,
      "volume": 9350857
    },
    {
      "timestamp": 1756872000000,
      "open": 736,
      "high": 740.25,
      "low": 733.9893,
      "close": 737.05,
      "volume": 7699332
    },
    {
      "timestamp": 1756958400000,
      "open": 748.57,
      "high": 761.16,
      "low": 745.82,
      "close": 748.65,
      "volume": 11439078
    },
    {
      "timestamp": 1757044800000,
      "open": 752.615,
      "high": 757.95,
      "low": 745.03,
      "close": 752.45,
      "volume": 9663441
    },
    {
      "timestamp": 1757304000000,
      "open": 755.995,
      "high": 766.51,
      "low": 752.02,
      "close": 752.3,
      "volume": 13087816
    }
  ],
  "timestamp": 1762844464738,
  "ttl": 86400000
}