{
  "data": [
    {
      "timestamp": 1717387200000,
      "open": 470.86,
      "high": 479.6,
      "low": 468.24,
      "close": 477.49,
      "volume": 11279390
    },
    {
      "timestamp": 1717473600000,
      "open": 477,
      "high": 478.89,
      "low": 473.2322,
      "close": 476.99,
      "volume": 7088718
    },
    {
      "timestamp": 1717560000000,
      "open": 484.45,
      "high": 496.65,
      "low": 483.91,
      "close": 495.06,
      "volume": 15690484
    },
    {
      "timestamp": 1717646400000,
      "open": 492.98,
      "high": 502.82,
      "low": 490.89,
      "close": 493.76,
      "volume": 10667339
    },
    {
      "timestamp": 1717732800000,
      "open": 495.91,
      "high": 498.91,
      "low": 490.1701,
      "close": 492.96,
      "volume": 9380745
    },
    {
      "timestamp": 1717992000000,
      "open": 493.86,
      "high": 502.66,
      "low": 493.41,
      "close": 502.6,
      "volume": 11236919
    },
    {
      "timestamp": 1718078400000,
      "open": 500.16,
      "high": 507.6,
      "low": 498.27,
      "close": 507.47,
      "volume": 9673715
    },
    {
      "timestamp": 1718164800000,
      "open": 513.99,
      "high": 514.01,
      "low": 504.47,
      "close": 508.84,
      "volume": 11983227
    },
    {
      "timestamp": 1718251200000,
      "open": 505.71,
      "high": 509.36,
      "low": 501.36,
      "close": 504.1,
      "volume": 9954621
    },
    {
      "timestamp": 1718337600000,
      "open": 502.65,
      "high": 507.15,
      "low": 500.75,
      "close": 504.16,
      "volume": 10243347
    },
    {
      "timestamp": 1718596800000,
      "open": 501.67,
      "high": 510.75,
      "low": 496.01,
      "close": 506.63,
      "volume": 11266601
    },
    {
      "timestamp": 1718683200000,
      "open": 504.56,
      "high": 506,
      "low": 495.02,
      "close": 499.49,
      "volume": 13060425
    },
    {
      "timestamp": 1718856000000,
      "open": 502,
      "high": 503.67,
      "low": 496.77,
      "close": 501.7,
      "volume": 11801182
    },
    {
      "timestamp": 1718942400000,
      "open": 503.45,
      "high": 503.45,
      "low": 492.39,
      "close": 494.78,
      "volume": 23130732
    },
    {
      "timestamp": 1719201600000,
      "open": 499.2,
      "high": 507.8,
      "low": 494.29,
      "close": 498.91,
      "volume": 13525278
    },
    {
      "timestamp": 1719288000000,
      "open": 497.05,
      "high": 510.71,
      "low": 495.5,
      "close": 510.6,
      "volume": 12109769
    },
    {
      "timestamp": 1719374400000,
      "open": 506.645,
      "high": 513.81,
      "low": 504.6765,
      "close": 513.12,
      "volume": 8882337
    },
    {
      "timestamp": 1719460800000,
      "open": 514.25,
      "high": 522.8799,
      "low": 513.9,
      "close": 519.56,
      "volume": 10121199
    },
    {
      "timestamp": 1719547200000,
      "open": 517.15,
      "high": 521.88,
      "low": 503.84,
      "close": 504.22,
      "volume": 15855137
    },
    {
      "timestamp": 1719806400000,
      "open": 504.95,
      "high": 506.58,
      "low": 493.17,
      "close": 504.68,
      "volume": 10328150
    },
    {
      "timestamp": 1719892800000,
      "open": 500.76,
      "high": 510.5,
      "low": 499.45,
      "close": 509.5,
      "volume": 7739479
    },
    {
      "timestamp": 1719979200000,
      "open": 506.37,
      "high": 511.28,
      "low": 506.02,
      "close": 509.96,
      "volume": 6005615
    },
    {
      "timestamp": 1720152000000,
      "open": 511.6,
      "high": 540.87,
      "low": 511.6,
      "close": 539.91,
      "volume": 21354093
    },
    {
      "timestamp": 1720411200000,
      "open": 542.35,
      "high": 542.81,
      "low": 526.65,
      "close": 529.32,
      "volume": 14917495
    },
    {
      "timestamp": 1720497600000,
      "open": 533.75,
      "high": 537.48,
      "low": 528.1901,
      "close": 530,
      "volume": 8769088
    },
    {
      "timestamp": 1720584000000,
      "open": 530.79,
      "high": 538.88,
      "low": 528.36,
      "close": 534.69,
      "volume": 10983276
    },
    {
      "timestamp": 1720670400000,
      "open": 530.89,
      "high": 535.46,
      "low": 508.3733,
      "close": 512.7,
      "volume": 16458253
    },
    {
      "timestamp": 1720756800000,
      "open": 497.755,
      "high": 508.09,
      "low": 494.23,
      "close": 498.87,
      "volume": 19750544
    },
    {
      "timestamp": 1721016000000,
      "open": 498.63,
      "high": 506.6799,
      "low": 493.37,
      "close": 496.16,
      "volume": 12539163
    },
    {
      "timestamp": 1721102400000,
      "open": 501.5,
      "high": 503.9499,
      "low": 485.79,
      "close": 489.79,
      "volume": 14075833
    },
    {
      "timestamp": 1721188800000,
      "open": 479.17,
      "high": 479.17,
      "low": 459.12,
      "close": 461.99,
      "volume": 28076595
    },
    {
      "timestamp": 1721275200000,
      "open": 475,
      "high": 479.2393,
      "low": 464.54,
      "close": 475.85,
      "volume": 19267160
    },
    {
      "timestamp": 1721361600000,
      "open": 476.06,
      "high": 486.71,
      "low": 475.71,
      "close": 476.79,
      "volume": 15149416
    },
    {
      "timestamp": 1721620800000,
      "open": 486.575,
      "high": 492.06,
      "low": 483.9,
      "close": 487.4,
      "volume": 12023088
    },
    {
      "timestamp": 1721707200000,
      "open": 489.84,
      "high": 495.22,
      "low": 487.72,
      "close": 488.69,
      "volume": 9455527
    },
    {
      "timestamp": 1721793600000,
      "open": 472.305,
      "high": 476.3,
      "low": 460.58,
      "close": 461.27,
      "volume": 17649738
    },
    {
      "timestamp": 1721880000000,
      "open": 463.26,
      "high": 463.548,
      "low": 442.65,
      "close": 453.41,
      "volume": 18240489
    },
    {
      "timestamp": 1721966400000,
      "open": 464.195,
      "high": 469.77,
      "low": 459.42,
      "close": 465.7,
      "volume": 14222388
    },
    {
      "timestamp": 1722225600000,
      "open": 469.88,
      "high": 473.96,
      "low": 465.02,
      "close": 465.71,
      "volume": 11339630
    },
    {
      "timestamp": 1722312000000,
      "open": 467,
      "high": 472.73,
      "low": 456.7,
      "close": 463.19,
      "volume": 11390439
    },
    {
      "timestamp": 1722398400000,
      "open": 471.02,
      "high": 476.5,
      "low": 466.75,
      "close": 474.83,
      "volume": 24285777
    },
    {
      "timestamp": 1722484800000,
      "open": 521,
      "high": 527.1709,
      "low": 492.1,
      "close": 497.74,
      "volume": 43083082
    },
    {
      "timestamp": 1722571200000,
      "open": 489,
      "high": 501.145,
      "low": 476.15,
      "close": 488.14,
      "volume": 24044658
    },
    {
      "timestamp": 1722830400000,
      "open": 451.345,
      "high": 483.48,
      "low": 450.8,
      "close": 475.73,
      "volume": 21396191
    },
    {
      "timestamp": 1722916800000,
      "open": 479,
      "high": 502.56,
      "low": 478.65,
      "close": 494.09,
      "volume": 20954959
    },
    {
      "timestamp": 1723003200000,
      "open": 503.13,
      "high": 510.15,
      "low": 486.86,
      "close": 488.92,
      "volume": 20105307
    },
    {
      "timestamp": 1723089600000,
      "open": 497.5,
      "high": 509.96,
      "low": 494.72,
      "close": 509.63,
      "volume": 16156843
    },
    {
      "timestamp": 1723176000000,
      "open": 507.71,
      "high": 518.34,
      "low": 505.7,
      "close": 517.77,
      "volume": 13696640
    },
    {
      "timestamp": 1723435200000,
      "open": 516.86,
      "high": 518.02,
      "low": 509.1,
      "close": 515.95,
      "volume": 9767422
    },
    {
      "timestamp": 1723521600000,
      "open": 520.01,
      "high": 531.4999,
      "low": 518.15,
      "close": 528.54,
      "volume": 13743839
    },
    {
      "timestamp": 1723608000000,
      "open": 528.06,
      "high": 534,
      "low": 523.13,
      "close": 526.76,
      "volume": 11444189
    },
    {
      "timestamp": 1723694400000,
      "open": 531.79,
      "high": 539.77,
      "low": 526.7,
      "close": 537.33,
      "volume": 13482141
    },
    {
      "timestamp": 1723780800000,
      "open": 531.9,
      "high": 533.66,
      "low": 524.66,
      "close": 527.42,
      "volume": 14776684
    },
    {
      "timestamp": 1724040000000,
      "open": 526.87,
      "high": 531.66,
      "low": 522.76,
      "close": 529.28,
      "volume": 9879713
    },
    {
      "timestamp": 1724126400000,
      "open": 528.35,
      "high": 531.09,
      "low": 525.88,
      "close": 526.73,
      "volume": 7944391
    },
    {
      "timestamp": 1724212800000,
      "open": 527.15,
      "high": 539.4,
      "low": 526.935,
      "close": 535.16,
      "volume": 13423292
    },
    {
      "timestamp": 1724299200000,
      "open": 537,
      "high": 544.23,
      "low": 528.59,
      "close": 531.93,
      "volume": 15708292
    },
    {
      "timestamp": 1724385600000,
      "open": 536.92,
      "high": 539.87,
      "low": 525.06,
      "close": 528,
      "volume": 11323936
    },
    {
      "timestamp": 1724644800000,
      "open": 527.6,
      "high": 528,
      "low": 514.95,
      "close": 521.12,
      "volume": 9584002
    },
    {
      "timestamp": 1724731200000,
      "open": 518.98,
      "high": 524.01,
      "low": 515.31,
      "close": 519.1,
      "volume": 6282720
    },
    {
      "timestamp": 1724817600000,
      "open": 517.675,
      "high": 521.085,
      "low": 512.45,
      "close": 516.78,
      "volume": 9106077
    },
    {
      "timestamp": 1724904000000,
      "open": 519.05,
      "high": 527.2,
      "low": 515.6789,
      "close": 518.22,
      "volume": 8317424
    },
    {
      "timestamp": 1724990400000,
      "open": 521.35,
      "high": 523.54,
      "low": 515.2,
      "close": 521.31,
      "volume": 9157541
    },
    {
      "timestamp": 1725336000000,
      "open": 519.64,
      "high": 525.49,
      "low": 508.6176,
      "close": 511.76,
      "volume": 12459113
    },
    {
      "timestamp": 1725422400000,
      "open": 506.07,
      "high": 516.59,
      "low": 504.07,
      "close": 512.74,
      "volume": 8335207
    },
    {
      "timestamp": 1725508800000,
      "open": 511.72,
      "high": 521.6295,
      "low": 511.15,
      "close": 516.86,
      "volume": 8640888
    },
    {
      "timestamp": 1725595200000,
      "open": 521.88,
      "high": 524.5849,
      "low": 498.25,
      "close": 500.27,
      "volume": 14744521
    },
    {
      "timestamp": 1725854400000,
      "open": 506.16,
      "high": 511.33,
      "low": 502.08,
      "close": 504.79,
      "volume": 11047828
    },
    {
      "timestamp": 1725940800000,
      "open": 508.16,
      "high": 514.18,
      "low": 500.0278,
      "close": 504.79,
      "volume": 9899022
    },
    {
      "timestamp": 1726027200000,
      "open": 507.01,
      "high": 513.12,
      "low": 495.6,
      "close": 511.83,
      "volume": 10782532
    },
    {
      "timestamp": 1726113600000,
      "open": 517.05,
      "high": 526.71,
      "low": 515.22,
      "close": 525.6,
      "volume": 11993342
    },
    {
      "timestamp": 1726200000000,
      "open": 520.34,
      "high": 527.581,
      "low": 517.11,
      "close": 524.62,
      "volume": 10321422
    },
    {
      "timestamp": 1726459200000,
      "open": 524.54,
      "high": 534.1,
      "low": 517.4,
      "close": 533.28,
      "volume": 9527646
    },
    {
      "timestamp": 1726545600000,
      "open": 537.6,
      "high": 542.1,
      "low": 530.57,
      "close": 536.315,
      "volume": 11690779
    },
    {
      "timestamp": 1726632000000,
      "open": 537.065,
      "high": 544.2,
      "low": 533.9026,
      "close": 537.95,
      "volume": 10323537
    },
    {
      "timestamp": 1726718400000,
      "open": 550,
      "high": 562.07,
      "low": 546.52,
      "close": 559.1,
      "volume": 15646951
    },
    {
      "timestamp": 1726804800000,
      "open": 560,
      "high": 564.5,
      "low": 556.3001,
      "close": 561.35,
      "volume": 22066817
    },
    {
      "timestamp": 1727064000000,
      "open": 569.5,
      "high": 573.9799,
      "low": 562.41,
      "close": 564.41,
      "volume": 12830669
    },
    {
      "timestamp": 1727150400000,
      "open": 566.68,
      "high": 567.745,
      "low": 554.19,
      "close": 563.33,
      "volume": 12992956
    },
    {
      "timestamp": 1727236800000,
      "open": 564.05,
      "high": 576.88,
      "low": 563.72,
      "close": 568.31,
      "volume": 16543350
    },
    {
      "timestamp": 1727323200000,
      "open": 575.73,
      "high": 577.4,
      "low": 562.3501,
      "close": 567.84,
      "volume": 14400787
    },
    {
      "timestamp": 1727409600000,
      "open": 570.1,
      "high": 570.8399,
      "low": 564.51,
      "close": 567.36,
      "volume": 9398367
    },
    {
      "timestamp": 1727668800000,
      "open": 567.7,
      "high": 574.68,
      "low": 564.8,
      "close": 572.44,
      "volume": 12807206
    },
    {
      "timestamp": 1727755200000,
      "open": 577.98,
      "high": 583.04,
      "low": 570.1,
      "close": 576.47,
      "volume": 15259274
    },
    {
      "timestamp": 1727841600000,
      "open": 574.86,
      "high": 576,
      "low": 569.34,
      "close": 572.81,
      "volume": 6524650
    },
    {
      "timestamp": 1727928000000,
      "open": 570.15,
      "high": 583.36,
      "low": 568.73,
      "close": 582.77,
      "volume": 11580980
    },
    {
      "timestamp": 1728014400000,
      "open": 583.73,
      "high": 596.85,
      "low": 581.43,
      "close": 595.94,
      "volume": 14199788
    },
    {
      "timestamp": 1728273600000,
      "open": 598.22,
      "high": 602.95,
      "low": 584.04,
      "close": 584.78,
      "volume": 12014198
    },
    {
      "timestamp": 1728360000000,
      "open": 589.69,
      "high": 593.56,
      "low": 585.97,
      "close": 592.89,
      "volume": 7857377
    },
    {
      "timestamp": 1728446400000,
      "open": 593.99,
      "high": 594.39,
      "low": 581.61,
      "close": 590.51,
      "volume": 9529707
    },
    {
      "timestamp": 1728532800000,
      "open": 587.57,
      "high": 590.23,
      "low": 582.52,
      "close": 583.83,
      "volume": 7740449
    },
    {
      "timestamp": 1728619200000,
      "open": 584.83,
      "high": 591.21,
      "low": 582.71,
      "close": 589.95,
      "volume": 8587051
    },
    {
      "timestamp": 1728878400000,
      "open": 594.22,
      "high": 600.1,
      "low": 589.96,
      "close": 590.42,
      "volume": 8251971
    },
    {
      "timestamp": 1728964800000,
      "open": 590.16,
      "high": 590.61,
      "low": 580.143,
      "close": 586.27,
      "volume": 9564236
    },
    {
      "timestamp": 1729051200000,
      "open": 581.395,
      "high": 582.08,
      "low": 574.03,
      "close": 576.79,
      "volume": 11268384
    },
    {
      "timestamp": 1729137600000,
      "open": 583.33,
      "high": 584.97,
      "low": 575.2,
      "close": 576.93,
      "volume": 8701158
    },
    {
      "timestamp": 1729224000000,
      "open": 581.1,
      "high": 583.9675,
      "low": 575.25,
      "close": 576.47,
      "volume": 7694274
    },
    {
      "timestamp": 1729483200000,
      "open": 576.03,
      "high": 577.2399,
      "low": 569.11,
      "close": 575.16,
      "volume": 8171879
    },
    {
      "timestamp": 1729569600000,
      "open": 574.29,
      "high": 583.53,
      "low": 572.12,
      "close": 582.01,
      "volume": 8544463
    },
    {
      "timestamp": 1729656000000,
      "open": 579.97,
      "high": 585,
      "low": 562.5,
      "close": 563.69,
      "volume": 14248419
    },
    {
      "timestamp": 1729742400000,
      "open": 567.125,
      "high": 568.8799,
      "low": 561.52,
      "close": 567.78,
      "volume": 7184651
    },
    {
      "timestamp": 1729828800000,
      "open": 573.935,
      "high": 581.29,
      "low": 571.72,
      "close": 573.25,
      "volume": 11337874
    },
    {
      "timestamp": 1730088000000,
      "open": 582,
      "high": 583.7499,
      "low": 574.12,
      "close": 578.16,
      "volume": 10925131
    },
    {
      "timestamp": 1730174400000,
      "open": 580.145,
      "high": 593.67,
      "low": 575.398,
      "close": 593.28,
      "volume": 13019092
    },
    {
      "timestamp": 1730260800000,
      "open": 600.98,
      "high": 601.2,
      "low": 589.38,
      "close": 591.8,
      "volume": 26864925
    },
    {
      "timestamp": 1730347200000,
      "open": 585,
      "high": 589.9,
      "low": 563.01,
      "close": 567.58,
      "volume": 26838395
    },
    {
      "timestamp": 1730433600000,
      "open": 567.605,
      "high": 573.67,
      "low": 562.56,
      "close": 567.16,
      "volume": 15303235
    }
  ],
  "timestamp": 1762837993120,
  "ttl": 86400000
}