{
  "data": [
    {
      "timestamp": 1752465600000,
      "open": 717.6,
      "high": 728,
      "low": 716.547,
      "close": 720.92,
      "volume": 8939399
    },
    {
      "timestamp": 1752552000000,
      "open": 723.9,
      "high": 724.4716,
      "low": 709.82,
      "close": 710.39,
      "volume": 11529511
    },
    {
      "timestamp": 1752638400000,
      "open": 713.37,
      "high": 713.97,
      "low": 699.2701,
      "close": 702.91,
      "volume": 13067627
    },
    {
      "timestamp": 1752724800000,
      "open": 704.39,
      "high": 705.9,
      "low": 697.105,
      "close": 701.41,
      "volume": 11803264
    },
    {
      "timestamp": 1752811200000,
      "open": 702.19,
      "high": 704.71,
      "low": 691.65,
      "close": 704.28,
      "volume": 12779752
    },
    {
      "timestamp": 1753070400000,
      "open": 706.8,
      "high": 717,
      "low": 705.76,
      "close": 712.965,
      "volume": 9404391
    },
    {
      "timestamp": 1753156800000,
      "open": 716.19,
      "high": 716.6,
      "low": 701.41,
      "close": 704.81,
      "volume": 8921064
    },
    {
      "timestamp": 1753243200000,
      "open": 706.365,
      "high": 714.6285,
      "low": 704.93,
      "close": 713.58,
      "volume": 8771615
    },
    {
      "timestamp": 1753329600000,
      "open": 717.05,
      "high": 723.6239,
      "low": 714,
      "close": 714.8,
      "volume": 10920836
    },
    {
      "timestamp": 1753416000000,
      "open": 716.915,
      "high": 720.6499,
      "low": 711.9,
      "close": 712.68,
      "volume": 8271698
    },
    {
      "timestamp": 1753675200000,
      "open": 715.2,
      "high": 724.7352,
      "low": 712.68,
      "close": 717.63,
      "volume": 8715743
    },
    {
      "timestamp": 1753761600000,
      "open": 720,
      "high": 724.47,
      "low": 699.91,
      "close": 700,
      "volume": 13267032
    },
    {
      "timestamp": 1753848000000,
      "open": 708.09,
      "high": 708.5,
      "low": 691.2001,
      "close": 695.21,
      "volume": 27077286
    },
    {
      "timestamp": 1753934400000,
      "open": 775.2,
      "high": 784.75,
      "low": 765.51,
      "close": 773.44,
      "volume": 38831098
    },
    {
      "timestamp": 1754020800000,
      "open": 760.73,
      "high": 765.9999,
      "low": 745.31,
      "close": 750.01,
      "volume": 19028710
    },
    {
      "timestamp": 1754280000000,
      "open": 760,
      "high": 776.85,
      "low": 758.41,
      "close": 776.37,
      "volume": 15801727
    },
    {
      "timestamp": 1754366400000,
      "open": 776.445,
      "high": 783.1299,
      "low": 763,
      "close": 763.46,
      "volume": 11640294
    },
    {
      "timestamp": 1754452800000,
      "open": 770,
      "high": 773.64,
      "low": 760.4601,
      "close": 771.99,
      "volume": 9733910
    },
    {
      "timestamp": 1754539200000,
      "open": 773.49,
      "high": 775,
      "low": 759.55,
      "close": 761.83,
      "volume": 9019691
    },
    {
      "timestamp": 1754625600000,
      "open": 762.75,
      "high": 769.9,
      "low": 758.58,
      "close": 769.3,
      "volume": 7320755
    },
    {
      "timestamp": 1754884800000,
      "open": 770.075,
      "high": 773.4584,
      "low": 764.67,
      "close": 765.87,
      "volume": 7611964
    }
  ],
  "timestamp": 1762843743435,
  "ttl": 86400000
}