{
  "data": [
    {
      "timestamp": 1719979200000,
      "open": 458.19,
      "high": 461.02,
      "low": 457.88,
      "close": 460.77,
      "volume": 9932830
    },
    {
      "timestamp": 1720152000000,
      "open": 459.61,
      "high": 468.35,
      "low": 458.965,
      "close": 467.56,
      "volume": 16000290
    },
    {
      "timestamp": 1720411200000,
      "open": 466.55,
      "high": 467.7,
      "low": 464.46,
      "close": 466.24,
      "volume": 12962321
    },
    {
      "timestamp": 1720497600000,
      "open": 467,
      "high": 467.33,
      "low": 458,
      "close": 459.54,
      "volume": 17228507
    },
    {
      "timestamp": 1720584000000,
      "open": 461.22,
      "high": 466.46,
      "low": 458.855,
      "close": 466.25,
      "volume": 18196100
    }
  ],
  "timestamp": 1762839368971,
  "ttl": 86400000
}