{
  "data": [
    {
      "timestamp": 1720152000000,
      "open": 459.61,
      "high": 468.35,
      "low": 458.965,
      "close": 467.56,
      "volume": 16000290
    },
    {
      "timestamp": 1720411200000,
      "open": 466.55,
      "high": 467.7,
      "low": 464.46,
      "close": 466.24,
      "volume": 12962321
    },
    {
      "timestamp": 1720497600000,
      "open": 467,
      "high": 467.33,
      "low": 458,
      "close": 459.54,
      "volume": 17228507
    },
    {
      "timestamp": 1720584000000,
      "open": 461.22,
      "high": 466.46,
      "low": 458.855,
      "close": 466.25,
      "volume": 18196100
    },
    {
      "timestamp": 1720670400000,
      "open": 462.98,
      "high": 464.78,
      "low": 451.55,
      "close": 454.7,
      "volume": 23111175
    },
    {
      "timestamp": 1720756800000,
      "open": 454.325,
      "high": 456.36,
      "low": 450.645,
      "close": 453.55,
      "volume": 16324274
    }
  ],
  "timestamp": 1762839369315,
  "ttl": 86400000
}