{
  "data": [
    {
      "timestamp": 1720497600000,
      "open": 467,
      "high": 467.33,
      "low": 458,
      "close": 459.54,
      "volume": 17228507
    },
    {
      "timestamp": 1720584000000,
      "open": 461.22,
      "high": 466.46,
      "low": 458.855,
      "close": 466.25,
      "volume": 18196100
    },
    {
      "timestamp": 1720670400000,
      "open": 462.98,
      "high": 464.78,
      "low": 451.55,
      "close": 454.7,
      "volume": 23111175
    },
    {
      "timestamp": 1720756800000,
      "open": 454.325,
      "high": 456.36,
      "low": 450.645,
      "close": 453.55,
      "volume": 16324274
    },
    {
      "timestamp": 1721016000000,
      "open": 453.3,
      "high": 457.26,
      "low": 451.43,
      "close": 453.96,
      "volume": 14429447
    },
    {
      "timestamp": 1721102400000,
      "open": 454.22,
      "high": 454.3,
      "low": 446.66,
      "close": 449.52,
      "volume": 17175679
    }
  ],
  "timestamp": 1762839371419,
  "ttl": 86400000
}