{
  "data": [
    {
      "timestamp": 1754280000000,
      "open": 528.27,
      "high": 538.25,
      "low": 528.13,
      "close": 535.64,
      "volume": 25349004
    },
    {
      "timestamp": 1754366400000,
      "open": 537.18,
      "high": 537.3,
      "low": 527.24,
      "close": 527.75,
      "volume": 19171569
    },
    {
      "timestamp": 1754452800000,
      "open": 530.9,
      "high": 531.7,
      "low": 524.03,
      "close": 524.94,
      "volume": 21355702
    },
    {
      "timestamp": 1754539200000,
      "open": 526.8,
      "high": 528.09,
      "low": 517.5511,
      "close": 520.84,
      "volume": 16079144
    },
    {
      "timestamp": 1754625600000,
      "open": 522.6,
      "high": 524.66,
      "low": 519.41,
      "close": 522.04,
      "volume": 15531009
    },
    {
      "timestamp": 1754884800000,
      "open": 522.3,
      "high": 527.59,
      "low": 519.72,
      "close": 521.77,
      "volume": 20194372
    },
    {
      "timestamp": 1754971200000,
      "open": 523.75,
      "high": 530.98,
      "low": 522.7,
      "close": 529.24,
      "volume": 18688921
    },
    {
      "timestamp": 1755057600000,
      "open": 532.11,
      "high": 532.7,
      "low": 519.37,
      "close": 520.58,
      "volume": 19619160
    },
    {
      "timestamp": 1755144000000,
      "open": 522.56,
      "high": 525.9499,
      "low": 520.14,
      "close": 522.48,
      "volume": 20269074
    },
    {
      "timestamp": 1755230400000,
      "open": 522.77,
      "high": 526.1,
      "low": 519.08,
      "close": 520.17,
      "volume": 25213272
    },
    {
      "timestamp": 1755489600000,
      "open": 521.585,
      "high": 522.82,
      "low": 514.02,
      "close": 517.1,
      "volume": 23760583
    },
    {
      "timestamp": 1755576000000,
      "open": 515,
      "high": 515.1641,
      "low": 508.55,
      "close": 509.77,
      "volume": 21481016
    },
    {
      "timestamp": 1755662400000,
      "open": 509.865,
      "high": 511,
      "low": 504.44,
      "close": 505.72,
      "volume": 27723025
    },
    {
      "timestamp": 1755748800000,
      "open": 503.69,
      "high": 507.63,
      "low": 502.7201,
      "close": 504.24,
      "volume": 18443254
    },
    {
      "timestamp": 1755835200000,
      "open": 504.25,
      "high": 510.73,
      "low": 502.41,
      "close": 507.23,
      "volume": 24324161
    },
    {
      "timestamp": 1756094400000,
      "open": 506.63,
      "high": 508.19,
      "low": 504.12,
      "close": 504.26,
      "volume": 21638579
    },
    {
      "timestamp": 1756180800000,
      "open": 504.355,
      "high": 504.9778,
      "low": 498.51,
      "close": 502.04,
      "volume": 30835709
    },
    {
      "timestamp": 1756267200000,
      "open": 502,
      "high": 507.29,
      "low": 499.9,
      "close": 506.74,
      "volume": 17277893
    },
    {
      "timestamp": 1756353600000,
      "open": 507.09,
      "high": 511.09,
      "low": 505.5,
      "close": 509.64,
      "volume": 18015593
    },
    {
      "timestamp": 1756440000000,
      "open": 508.66,
      "high": 509.6,
      "low": 504.4915,
      "close": 506.69,
      "volume": 20961569
    }
  ],
  "timestamp": 1762844404071,
  "ttl": 86400000
}