{
  "data": [
    {
      "timestamp": 1755489600000,
      "open": 521.585,
      "high": 522.82,
      "low": 514.02,
      "close": 517.1,
      "volume": 23760583
    },
    {
      "timestamp": 1755576000000,
      "open": 515,
      "high": 515.1641,
      "low": 508.55,
      "close": 509.77,
      "volume": 21481016
    },
    {
      "timestamp": 1755662400000,
      "open": 509.865,
      "high": 511,
      "low": 504.44,
      "close": 505.72,
      "volume": 27723025
    },
    {
      "timestamp": 1755748800000,
      "open": 503.69,
      "high": 507.63,
      "low": 502.7201,
      "close": 504.24,
      "volume": 18443254
    },
    {
      "timestamp": 1755835200000,
      "open": 504.25,
      "high": 510.73,
      "low": 502.41,
      "close": 507.23,
      "volume": 24324161
    },
    {
      "timestamp": 1756094400000,
      "open": 506.63,
      "high": 508.19,
      "low": 504.12,
      "close": 504.26,
      "volume": 21638579
    },
    {
      "timestamp": 1756180800000,
      "open": 504.355,
      "high": 504.9778,
      "low": 498.51,
      "close": 502.04,
      "volume": 30835709
    },
    {
      "timestamp": 1756267200000,
      "open": 502,
      "high": 507.29,
      "low": 499.9,
      "close": 506.74,
      "volume": 17277893
    },
    {
      "timestamp": 1756353600000,
      "open": 507.09,
      "high": 511.09,
      "low": 505.5,
      "close": 509.64,
      "volume": 18015593
    },
    {
      "timestamp": 1756440000000,
      "open": 508.66,
      "high": 509.6,
      "low": 504.4915,
      "close": 506.69,
      "volume": 20961569
    },
    {
      "timestamp": 1756785600000,
      "open": 500.465,
      "high": 506,
      "low": 496.81,
      "close": 505.12,
      "volume": 18127995
    },
    {
      "timestamp": 1756872000000,
      "open": 503.79,
      "high": 507.79,
      "low": 502.32,
      "close": 505.35,
      "volume": 16345078
    },
    {
      "timestamp": 1756958400000,
      "open": 504.3,
      "high": 508.15,
      "low": 503.15,
      "close": 507.97,
      "volume": 15509486
    },
    {
      "timestamp": 1757044800000,
      "open": 509.07,
      "high": 511.97,
      "low": 492.37,
      "close": 495,
      "volume": 31994846
    },
    {
      "timestamp": 1757304000000,
      "open": 498.105,
      "high": 501.195,
      "low": 495.03,
      "close": 498.2,
      "volume": 16771015
    },
    {
      "timestamp": 1757390400000,
      "open": 501.43,
      "high": 502.25,
      "low": 497.7,
      "close": 498.41,
      "volume": 14410542
    },
    {
      "timestamp": 1757476800000,
      "open": 502.98,
      "high": 503.2299,
      "low": 496.72,
      "close": 500.37,
      "volume": 21611816
    },
    {
      "timestamp": 1757563200000,
      "open": 502.25,
      "high": 503.17,
      "low": 497.88,
      "close": 501.01,
      "volume": 18881608
    },
    {
      "timestamp": 1757649600000,
      "open": 506.65,
      "high": 512.55,
      "low": 503.85,
      "close": 509.9,
      "volume": 23624884
    },
    {
      "timestamp": 1757908800000,
      "open": 508.79,
      "high": 515.47,
      "low": 507,
      "close": 515.36,
      "volume": 17143786
    }
  ],
  "timestamp": 1762844531657,
  "ttl": 86400000
}