{
  "data": [
    {
      "timestamp": 1717387200000,
      "open": 415.525,
      "high": 416.43,
      "low": 408.9234,
      "close": 413.52,
      "volume": 17484675
    },
    {
      "timestamp": 1717473600000,
      "open": 412.43,
      "high": 416.44,
      "low": 409.675,
      "close": 416.07,
      "volume": 14348917
    },
    {
      "timestamp": 1717560000000,
      "open": 417.81,
      "high": 424.08,
      "low": 416.3,
      "close": 424.01,
      "volume": 16988038
    },
    {
      "timestamp": 1717646400000,
      "open": 424.01,
      "high": 425.31,
      "low": 420.58,
      "close": 424.52,
      "volume": 14861251
    },
    {
      "timestamp": 1717732800000,
      "open": 426.2,
      "high": 426.28,
      "low": 423,
      "close": 423.85,
      "volume": 13621650
    },
    {
      "timestamp": 1717992000000,
      "open": 424.7,
      "high": 428.08,
      "low": 423.89,
      "close": 427.87,
      "volume": 14003034
    },
    {
      "timestamp": 1718078400000,
      "open": 425.475,
      "high": 432.82,
      "low": 425.25,
      "close": 432.68,
      "volume": 14551101
    },
    {
      "timestamp": 1718164800000,
      "open": 435.32,
      "high": 443.4,
      "low": 433.25,
      "close": 441.06,
      "volume": 22366233
    },
    {
      "timestamp": 1718251200000,
      "open": 440.85,
      "high": 443.39,
      "low": 439.37,
      "close": 441.58,
      "volume": 15960565
    },
    {
      "timestamp": 1718337600000,
      "open": 438.275,
      "high": 443.1376,
      "low": 436.721,
      "close": 442.57,
      "volume": 13581985
    },
    {
      "timestamp": 1718596800000,
      "open": 442.585,
      "high": 450.94,
      "low": 440.72,
      "close": 448.37,
      "volume": 20790030
    },
    {
      "timestamp": 1718683200000,
      "open": 449.705,
      "high": 450.14,
      "low": 444.89,
      "close": 446.34,
      "volume": 17112504
    },
    {
      "timestamp": 1718856000000,
      "open": 446.3,
      "high": 446.53,
      "low": 441.27,
      "close": 445.7,
      "volume": 19877378
    },
    {
      "timestamp": 1718942400000,
      "open": 447.38,
      "high": 450.58,
      "low": 446.51,
      "close": 449.78,
      "volume": 34486172
    },
    {
      "timestamp": 1719201600000,
      "open": 449.8,
      "high": 452.75,
      "low": 446.41,
      "close": 447.67,
      "volume": 15913719
    },
    {
      "timestamp": 1719288000000,
      "open": 448.25,
      "high": 451.42,
      "low": 446.75,
      "close": 450.95,
      "volume": 16747529
    },
    {
      "timestamp": 1719374400000,
      "open": 449,
      "high": 453.6,
      "low": 448.19,
      "close": 452.16,
      "volume": 16507030
    },
    {
      "timestamp": 1719460800000,
      "open": 452.175,
      "high": 456.17,
      "low": 451.77,
      "close": 452.85,
      "volume": 14806324
    },
    {
      "timestamp": 1719547200000,
      "open": 453.07,
      "high": 455.38,
      "low": 446.41,
      "close": 446.95,
      "volume": 28362271
    },
    {
      "timestamp": 1719806400000,
      "open": 448.66,
      "high": 457.37,
      "low": 445.66,
      "close": 456.73,
      "volume": 17662818
    },
    {
      "timestamp": 1719892800000,
      "open": 453.2,
      "high": 459.59,
      "low": 453.113,
      "close": 459.28,
      "volume": 13979779
    },
    {
      "timestamp": 1719979200000,
      "open": 458.19,
      "high": 461.02,
      "low": 457.88,
      "close": 460.77,
      "volume": 9932830
    },
    {
      "timestamp": 1720152000000,
      "open": 459.61,
      "high": 468.35,
      "low": 458.965,
      "close": 467.56,
      "volume": 16000290
    },
    {
      "timestamp": 1720411200000,
      "open": 466.55,
      "high": 467.7,
      "low": 464.46,
      "close": 466.24,
      "volume": 12962321
    },
    {
      "timestamp": 1720497600000,
      "open": 467,
      "high": 467.33,
      "low": 458,
      "close": 459.54,
      "volume": 17228507
    },
    {
      "timestamp": 1720584000000,
      "open": 461.22,
      "high": 466.46,
      "low": 458.855,
      "close": 466.25,
      "volume": 18196100
    },
    {
      "timestamp": 1720670400000,
      "open": 462.98,
      "high": 464.78,
      "low": 451.55,
      "close": 454.7,
      "volume": 23111175
    },
    {
      "timestamp": 1720756800000,
      "open": 454.325,
      "high": 456.36,
      "low": 450.645,
      "close": 453.55,
      "volume": 16324274
    },
    {
      "timestamp": 1721016000000,
      "open": 453.3,
      "high": 457.26,
      "low": 451.43,
      "close": 453.96,
      "volume": 14429447
    },
    {
      "timestamp": 1721102400000,
      "open": 454.22,
      "high": 454.3,
      "low": 446.66,
      "close": 449.52,
      "volume": 17175679
    },
    {
      "timestamp": 1721188800000,
      "open": 442.59,
      "high": 444.85,
      "low": 439.18,
      "close": 443.52,
      "volume": 21754021
    },
    {
      "timestamp": 1721275200000,
      "open": 444.34,
      "high": 444.65,
      "low": 434.4,
      "close": 440.37,
      "volume": 20794822
    },
    {
      "timestamp": 1721361600000,
      "open": 433.1,
      "high": 441.14,
      "low": 432,
      "close": 437.11,
      "volume": 20940417
    },
    {
      "timestamp": 1721620800000,
      "open": 441.79,
      "high": 444.6,
      "low": 438.9125,
      "close": 442.94,
      "volume": 15808755
    },
    {
      "timestamp": 1721707200000,
      "open": 443.895,
      "high": 448.39,
      "low": 443.1,
      "close": 444.85,
      "volume": 13107050
    },
    {
      "timestamp": 1721793600000,
      "open": 440.45,
      "high": 441.48,
      "low": 427.585,
      "close": 428.9,
      "volume": 26805800
    },
    {
      "timestamp": 1721880000000,
      "open": 428.8,
      "high": 429.8,
      "low": 417.51,
      "close": 418.4,
      "volume": 29943795
    },
    {
      "timestamp": 1721966400000,
      "open": 418.2,
      "high": 428.915,
      "low": 417.27,
      "close": 425.27,
      "volume": 23583839
    },
    {
      "timestamp": 1722225600000,
      "open": 431.58,
      "high": 432.15,
      "low": 424.7042,
      "close": 426.73,
      "volume": 15125836
    },
    {
      "timestamp": 1722312000000,
      "open": 427.72,
      "high": 429.05,
      "low": 417.36,
      "close": 422.92,
      "volume": 32687578
    },
    {
      "timestamp": 1722398400000,
      "open": 420.495,
      "high": 421.775,
      "low": 412.21,
      "close": 418.35,
      "volume": 42891366
    },
    {
      "timestamp": 1722484800000,
      "open": 420.785,
      "high": 427.46,
      "low": 413.0901,
      "close": 417.11,
      "volume": 30296400
    },
    {
      "timestamp": 1722571200000,
      "open": 412.49,
      "high": 415,
      "low": 404.34,
      "close": 408.49,
      "volume": 29437900
    },
    {
      "timestamp": 1722830400000,
      "open": 389.17,
      "high": 401.04,
      "low": 385.58,
      "close": 395.15,
      "volume": 40709238
    },
    {
      "timestamp": 1722916800000,
      "open": 400,
      "high": 405.67,
      "low": 398.5,
      "close": 399.61,
      "volume": 24946525
    },
    {
      "timestamp": 1723003200000,
      "open": 408.635,
      "high": 410.08,
      "low": 397.47,
      "close": 398.43,
      "volume": 20650906
    },
    {
      "timestamp": 1723089600000,
      "open": 402.44,
      "high": 405.86,
      "low": 399.9407,
      "close": 402.69,
      "volume": 20203030
    },
    {
      "timestamp": 1723176000000,
      "open": 404.03,
      "high": 408.05,
      "low": 402.2624,
      "close": 406.02,
      "volume": 19276666
    },
    {
      "timestamp": 1723435200000,
      "open": 407.06,
      "high": 408.76,
      "low": 404.2434,
      "close": 406.81,
      "volume": 16762883
    },
    {
      "timestamp": 1723521600000,
      "open": 409.59,
      "high": 414.95,
      "low": 409.57,
      "close": 414.01,
      "volume": 19414271
    },
    {
      "timestamp": 1723608000000,
      "open": 414.8,
      "high": 417.72,
      "low": 412.4456,
      "close": 416.86,
      "volume": 18266980
    },
    {
      "timestamp": 1723694400000,
      "open": 419.8,
      "high": 421.11,
      "low": 417.66,
      "close": 421.03,
      "volume": 20752144
    },
    {
      "timestamp": 1723780800000,
      "open": 420.6,
      "high": 421.34,
      "low": 417.3,
      "close": 418.47,
      "volume": 22775593
    },
    {
      "timestamp": 1724040000000,
      "open": 418.96,
      "high": 421.75,
      "low": 416.46,
      "close": 421.53,
      "volume": 15233957
    },
    {
      "timestamp": 1724126400000,
      "open": 421.7,
      "high": 425.86,
      "low": 421.64,
      "close": 424.8,
      "volume": 16387581
    },
    {
      "timestamp": 1724212800000,
      "open": 424.075,
      "high": 426.4,
      "low": 421.72,
      "close": 424.14,
      "volume": 16067298
    },
    {
      "timestamp": 1724299200000,
      "open": 424.36,
      "high": 426.7899,
      "low": 414.61,
      "close": 415.55,
      "volume": 19361901
    },
    {
      "timestamp": 1724385600000,
      "open": 416.98,
      "high": 419.26,
      "low": 412.09,
      "close": 416.79,
      "volume": 18493784
    },
    {
      "timestamp": 1724644800000,
      "open": 416.365,
      "high": 417.2799,
      "low": 411.34,
      "close": 413.49,
      "volume": 13152830
    },
    {
      "timestamp": 1724731200000,
      "open": 412.86,
      "high": 414.36,
      "low": 410.25,
      "close": 413.84,
      "volume": 13492911
    },
    {
      "timestamp": 1724817600000,
      "open": 414.88,
      "high": 415,
      "low": 407.31,
      "close": 410.6,
      "volume": 14882660
    },
    {
      "timestamp": 1724904000000,
      "open": 414.94,
      "high": 422.05,
      "low": 410.6,
      "close": 413.12,
      "volume": 17045241
    },
    {
      "timestamp": 1724990400000,
      "open": 415.6,
      "high": 417.49,
      "low": 412.13,
      "close": 417.14,
      "volume": 24308324
    },
    {
      "timestamp": 1725336000000,
      "open": 417.91,
      "high": 419.88,
      "low": 407.03,
      "close": 409.44,
      "volume": 20313603
    },
    {
      "timestamp": 1725422400000,
      "open": 405.91,
      "high": 411.24,
      "low": 404.37,
      "close": 408.9,
      "volume": 15135806
    },
    {
      "timestamp": 1725508800000,
      "open": 407.62,
      "high": 413.1,
      "low": 406.13,
      "close": 408.39,
      "volume": 14195516
    },
    {
      "timestamp": 1725595200000,
      "open": 409.06,
      "high": 410.65,
      "low": 400.8,
      "close": 401.7,
      "volume": 19609526
    },
    {
      "timestamp": 1725854400000,
      "open": 407.24,
      "high": 408.65,
      "low": 402.15,
      "close": 405.72,
      "volume": 15295134
    },
    {
      "timestamp": 1725940800000,
      "open": 408.2,
      "high": 416.33,
      "low": 407.7,
      "close": 414.2,
      "volume": 19594287
    },
    {
      "timestamp": 1726027200000,
      "open": 415.5,
      "high": 423.99,
      "low": 409.58,
      "close": 423.04,
      "volume": 19266923
    },
    {
      "timestamp": 1726113600000,
      "open": 423.31,
      "high": 427.3692,
      "low": 419.75,
      "close": 427,
      "volume": 17418759
    },
    {
      "timestamp": 1726200000000,
      "open": 425.825,
      "high": 431.83,
      "low": 425.46,
      "close": 430.59,
      "volume": 15874555
    },
    {
      "timestamp": 1726459200000,
      "open": 430.6,
      "high": 433.53,
      "low": 428.22,
      "close": 431.34,
      "volume": 13834697
    },
    {
      "timestamp": 1726545600000,
      "open": 440.23,
      "high": 441.85,
      "low": 432.27,
      "close": 435.15,
      "volume": 18874231
    },
    {
      "timestamp": 1726632000000,
      "open": 435,
      "high": 436.03,
      "low": 430.41,
      "close": 430.81,
      "volume": 18898042
    },
    {
      "timestamp": 1726718400000,
      "open": 441.225,
      "high": 441.5,
      "low": 436.9,
      "close": 438.69,
      "volume": 21706559
    },
    {
      "timestamp": 1726804800000,
      "open": 437.22,
      "high": 439.24,
      "low": 434.22,
      "close": 435.27,
      "volume": 55167106
    },
    {
      "timestamp": 1727064000000,
      "open": 434.28,
      "high": 436.46,
      "low": 430.3889,
      "close": 433.51,
      "volume": 15128891
    },
    {
      "timestamp": 1727150400000,
      "open": 433,
      "high": 433.35,
      "low": 426.1,
      "close": 429.17,
      "volume": 17015754
    },
    {
      "timestamp": 1727236800000,
      "open": 429.83,
      "high": 433.119,
      "low": 428.57,
      "close": 432.11,
      "volume": 13396364
    },
    {
      "timestamp": 1727323200000,
      "open": 435.085,
      "high": 435.3,
      "low": 429.13,
      "close": 431.31,
      "volume": 14492044
    },
    {
      "timestamp": 1727409600000,
      "open": 431.52,
      "high": 431.85,
      "low": 427.47,
      "close": 428.02,
      "volume": 14896131
    },
    {
      "timestamp": 1727668800000,
      "open": 428.21,
      "high": 430.42,
      "low": 425.37,
      "close": 430.3,
      "volume": 16854606
    },
    {
      "timestamp": 1727755200000,
      "open": 428.45,
      "high": 428.48,
      "low": 418.81,
      "close": 420.69,
      "volume": 19092945
    },
    {
      "timestamp": 1727841600000,
      "open": 422.58,
      "high": 422.82,
      "low": 416.71,
      "close": 417.13,
      "volume": 16582257
    },
    {
      "timestamp": 1727928000000,
      "open": 417.63,
      "high": 419.55,
      "low": 414.29,
      "close": 416.54,
      "volume": 13686421
    },
    {
      "timestamp": 1728014400000,
      "open": 418.24,
      "high": 419.75,
      "low": 414.97,
      "close": 416.06,
      "volume": 19190913
    },
    {
      "timestamp": 1728273600000,
      "open": 416,
      "high": 417.11,
      "low": 409,
      "close": 409.54,
      "volume": 20919761
    },
    {
      "timestamp": 1728360000000,
      "open": 410.9,
      "high": 415.66,
      "low": 408.17,
      "close": 414.71,
      "volume": 19229261
    },
    {
      "timestamp": 1728446400000,
      "open": 415.86,
      "high": 420.38,
      "low": 414.3,
      "close": 417.46,
      "volume": 14974257
    },
    {
      "timestamp": 1728532800000,
      "open": 415.225,
      "high": 417.35,
      "low": 413.15,
      "close": 415.84,
      "volume": 13848376
    },
    {
      "timestamp": 1728619200000,
      "open": 416.135,
      "high": 417.13,
      "low": 413.25,
      "close": 416.32,
      "volume": 14144944
    },
    {
      "timestamp": 1728878400000,
      "open": 417.77,
      "high": 424.04,
      "low": 417.52,
      "close": 419.14,
      "volume": 16653086
    },
    {
      "timestamp": 1728964800000,
      "open": 422.18,
      "high": 422.48,
      "low": 415.26,
      "close": 418.74,
      "volume": 18900201
    },
    {
      "timestamp": 1729051200000,
      "open": 415.17,
      "high": 416.36,
      "low": 410.48,
      "close": 416.12,
      "volume": 15508932
    },
    {
      "timestamp": 1729137600000,
      "open": 422.36,
      "high": 422.5,
      "low": 415.59,
      "close": 416.72,
      "volume": 14820004
    },
    {
      "timestamp": 1729224000000,
      "open": 417.14,
      "high": 419.65,
      "low": 416.2601,
      "close": 418.16,
      "volume": 17145317
    },
    {
      "timestamp": 1729483200000,
      "open": 416.12,
      "high": 418.96,
      "low": 413.7501,
      "close": 418.78,
      "volume": 14206115
    },
    {
      "timestamp": 1729569600000,
      "open": 418.49,
      "high": 430.5793,
      "low": 418.04,
      "close": 427.51,
      "volume": 25482197
    },
    {
      "timestamp": 1729656000000,
      "open": 430.855,
      "high": 431.08,
      "low": 422.53,
      "close": 424.6,
      "volume": 19654379
    },
    {
      "timestamp": 1729742400000,
      "open": 425.325,
      "high": 425.9782,
      "low": 422.4,
      "close": 424.73,
      "volume": 13581631
    },
    {
      "timestamp": 1729828800000,
      "open": 426.76,
      "high": 432.52,
      "low": 426.565,
      "close": 428.15,
      "volume": 16899064
    },
    {
      "timestamp": 1730088000000,
      "open": 431.655,
      "high": 431.94,
      "low": 426.3,
      "close": 426.59,
      "volume": 14882444
    },
    {
      "timestamp": 1730174400000,
      "open": 428,
      "high": 433.17,
      "low": 425.8001,
      "close": 431.95,
      "volume": 17644080
    },
    {
      "timestamp": 1730260800000,
      "open": 437.435,
      "high": 438.5,
      "low": 432.1,
      "close": 432.53,
      "volume": 29749149
    },
    {
      "timestamp": 1730347200000,
      "open": 415.36,
      "high": 416.16,
      "low": 406.3,
      "close": 406.35,
      "volume": 53970981
    },
    {
      "timestamp": 1730433600000,
      "open": 409.01,
      "high": 415.5,
      "low": 407.5,
      "close": 410.37,
      "volume": 24230442
    }
  ],
  "timestamp": 1762837992979,
  "ttl": 86400000
}