{
  "data": [
    {
      "timestamp": 1719288000000,
      "open": 448.25,
      "high": 451.42,
      "low": 446.75,
      "close": 450.95,
      "volume": 16747529
    },
    {
      "timestamp": 1719374400000,
      "open": 449,
      "high": 453.6,
      "low": 448.19,
      "close": 452.16,
      "volume": 16507030
    },
    {
      "timestamp": 1719460800000,
      "open": 452.175,
      "high": 456.17,
      "low": 451.77,
      "close": 452.85,
      "volume": 14806324
    },
    {
      "timestamp": 1719547200000,
      "open": 453.07,
      "high": 455.38,
      "low": 446.41,
      "close": 446.95,
      "volume": 28362271
    },
    {
      "timestamp": 1719806400000,
      "open": 448.66,
      "high": 457.37,
      "low": 445.66,
      "close": 456.73,
      "volume": 17662818
    },
    {
      "timestamp": 1719892800000,
      "open": 453.2,
      "high": 459.59,
      "low": 453.113,
      "close": 459.28,
      "volume": 13979779
    }
  ],
  "timestamp": 1762839308536,
  "ttl": 86400000
}