{
  "data": [
    {
      "timestamp": 1752465600000,
      "open": 501.515,
      "high": 503.97,
      "low": 501.03,
      "close": 503.02,
      "volume": 12058848
    },
    {
      "timestamp": 1752552000000,
      "open": 503.02,
      "high": 508.3,
      "low": 502.79,
      "close": 505.82,
      "volume": 14927202
    },
    {
      "timestamp": 1752638400000,
      "open": 505.18,
      "high": 506.72,
      "low": 501.89,
      "close": 505.62,
      "volume": 15154374
    },
    {
      "timestamp": 1752724800000,
      "open": 505.68,
      "high": 513.37,
      "low": 505.62,
      "close": 511.7,
      "volume": 17503129
    },
    {
      "timestamp": 1752811200000,
      "open": 514.48,
      "high": 514.64,
      "low": 507.43,
      "close": 510.05,
      "volume": 21209666
    },
    {
      "timestamp": 1753070400000,
      "open": 506.705,
      "high": 512.09,
      "low": 505.55,
      "close": 510.06,
      "volume": 14066805
    },
    {
      "timestamp": 1753156800000,
      "open": 510.97,
      "high": 511.2,
      "low": 505.27,
      "close": 505.27,
      "volume": 13868644
    },
    {
      "timestamp": 1753243200000,
      "open": 506.75,
      "high": 506.79,
      "low": 500.7,
      "close": 505.87,
      "volume": 16396585
    },
    {
      "timestamp": 1753329600000,
      "open": 508.77,
      "high": 513.67,
      "low": 507.3,
      "close": 510.88,
      "volume": 16107000
    },
    {
      "timestamp": 1753416000000,
      "open": 512.465,
      "high": 518.29,
      "low": 510.3592,
      "close": 513.71,
      "volume": 19125699
    },
    {
      "timestamp": 1753675200000,
      "open": 514.08,
      "high": 515,
      "low": 510.12,
      "close": 512.5,
      "volume": 14308027
    },
    {
      "timestamp": 1753761600000,
      "open": 515.53,
      "high": 517.62,
      "low": 511.56,
      "close": 512.57,
      "volume": 16469235
    },
    {
      "timestamp": 1753848000000,
      "open": 515.17,
      "high": 515.95,
      "low": 509.435,
      "close": 513.24,
      "volume": 26380434
    },
    {
      "timestamp": 1753934400000,
      "open": 555.225,
      "high": 555.45,
      "low": 531.9,
      "close": 533.5,
      "volume": 51617326
    },
    {
      "timestamp": 1754020800000,
      "open": 535,
      "high": 535.8,
      "low": 520.86,
      "close": 524.11,
      "volume": 28977628
    },
    {
      "timestamp": 1754280000000,
      "open": 528.27,
      "high": 538.25,
      "low": 528.13,
      "close": 535.64,
      "volume": 25349004
    },
    {
      "timestamp": 1754366400000,
      "open": 537.18,
      "high": 537.3,
      "low": 527.24,
      "close": 527.75,
      "volume": 19171569
    },
    {
      "timestamp": 1754452800000,
      "open": 530.9,
      "high": 531.7,
      "low": 524.03,
      "close": 524.94,
      "volume": 21355702
    },
    {
      "timestamp": 1754539200000,
      "open": 526.8,
      "high": 528.09,
      "low": 517.5511,
      "close": 520.84,
      "volume": 16079144
    },
    {
      "timestamp": 1754625600000,
      "open": 522.6,
      "high": 524.66,
      "low": 519.41,
      "close": 522.04,
      "volume": 15531009
    },
    {
      "timestamp": 1754884800000,
      "open": 522.3,
      "high": 527.59,
      "low": 519.72,
      "close": 521.77,
      "volume": 20194372
    }
  ],
  "timestamp": 1762843743564,
  "ttl": 86400000
}