{
  "data": [
    {
      "timestamp": 1756094400000,
      "open": 506.63,
      "high": 508.19,
      "low": 504.12,
      "close": 504.26,
      "volume": 21638579
    },
    {
      "timestamp": 1756180800000,
      "open": 504.355,
      "high": 504.9778,
      "low": 498.51,
      "close": 502.04,
      "volume": 30835709
    },
    {
      "timestamp": 1756267200000,
      "open": 502,
      "high": 507.29,
      "low": 499.9,
      "close": 506.74,
      "volume": 17277893
    },
    {
      "timestamp": 1756353600000,
      "open": 507.09,
      "high": 511.09,
      "low": 505.5,
      "close": 509.64,
      "volume": 18015593
    },
    {
      "timestamp": 1756440000000,
      "open": 508.66,
      "high": 509.6,
      "low": 504.4915,
      "close": 506.69,
      "volume": 20961569
    },
    {
      "timestamp": 1756785600000,
      "open": 500.465,
      "high": 506,
      "low": 496.81,
      "close": 505.12,
      "volume": 18127995
    },
    {
      "timestamp": 1756872000000,
      "open": 503.79,
      "high": 507.79,
      "low": 502.32,
      "close": 505.35,
      "volume": 16345078
    },
    {
      "timestamp": 1756958400000,
      "open": 504.3,
      "high": 508.15,
      "low": 503.15,
      "close": 507.97,
      "volume": 15509486
    },
    {
      "timestamp": 1757044800000,
      "open": 509.07,
      "high": 511.97,
      "low": 492.37,
      "close": 495,
      "volume": 31994846
    },
    {
      "timestamp": 1757304000000,
      "open": 498.105,
      "high": 501.195,
      "low": 495.03,
      "close": 498.2,
      "volume": 16771015
    },
    {
      "timestamp": 1757390400000,
      "open": 501.43,
      "high": 502.25,
      "low": 497.7,
      "close": 498.41,
      "volume": 14410542
    },
    {
      "timestamp": 1757476800000,
      "open": 502.98,
      "high": 503.2299,
      "low": 496.72,
      "close": 500.37,
      "volume": 21611816
    },
    {
      "timestamp": 1757563200000,
      "open": 502.25,
      "high": 503.17,
      "low": 497.88,
      "close": 501.01,
      "volume": 18881608
    },
    {
      "timestamp": 1757649600000,
      "open": 506.65,
      "high": 512.55,
      "low": 503.85,
      "close": 509.9,
      "volume": 23624884
    },
    {
      "timestamp": 1757908800000,
      "open": 508.79,
      "high": 515.47,
      "low": 507,
      "close": 515.36,
      "volume": 17143786
    },
    {
      "timestamp": 1757995200000,
      "open": 516.88,
      "high": 517.23,
      "low": 508.6,
      "close": 509.04,
      "volume": 19711922
    },
    {
      "timestamp": 1758081600000,
      "open": 510.62,
      "high": 511.29,
      "low": 505.93,
      "close": 510.02,
      "volume": 15816585
    },
    {
      "timestamp": 1758168000000,
      "open": 511.49,
      "high": 513.07,
      "low": 507.66,
      "close": 508.45,
      "volume": 18913696
    },
    {
      "timestamp": 1758254400000,
      "open": 510.56,
      "high": 519.3,
      "low": 510.31,
      "close": 517.93,
      "volume": 52474093
    },
    {
      "timestamp": 1758513600000,
      "open": 515.59,
      "high": 517.74,
      "low": 512.545,
      "close": 514.45,
      "volume": 20009314
    },
    {
      "timestamp": 1758600000000,
      "open": 513.8,
      "high": 514.5899,
      "low": 507.31,
      "close": 509.23,
      "volume": 19799580
    },
    {
      "timestamp": 1758686400000,
      "open": 510.38,
      "high": 512.48,
      "low": 506.92,
      "close": 510.15,
      "volume": 13533711
    },
    {
      "timestamp": 1758772800000,
      "open": 508.3,
      "high": 510.01,
      "low": 505.04,
      "close": 507.03,
      "volume": 15786468
    },
    {
      "timestamp": 1758859200000,
      "open": 510.06,
      "high": 513.94,
      "low": 506.62,
      "close": 511.46,
      "volume": 16213129
    },
    {
      "timestamp": 1759118400000,
      "open": 511.5,
      "high": 516.845,
      "low": 508.88,
      "close": 514.6,
      "volume": 17617775
    }
  ],
  "timestamp": 1762844166994,
  "ttl": 86400000
}