{
  "data": [
    {
      "timestamp": 1753070400000,
      "open": 1206,
      "high": 1237.1,
      "low": 1198,
      "close": 1233.27,
      "volume": 5627591
    },
    {
      "timestamp": 1753156800000,
      "open": 1230.38,
      "high": 1232.37,
      "low": 1187.5,
      "close": 1190.08,
      "volume": 5062970
    },
    {
      "timestamp": 1753243200000,
      "open": 1189.81,
      "high": 1192.6194,
      "low": 1173.6,
      "close": 1176.78,
      "volume": 4504264
    },
    {
      "timestamp": 1753329600000,
      "open": 1177.8,
      "high": 1183.5,
      "low": 1162.6601,
      "close": 1180.76,
      "volume": 3845570
    },
    {
      "timestamp": 1753416000000,
      "open": 1178.415,
      "high": 1187.32,
      "low": 1174.3825,
      "close": 1180.49,
      "volume": 2629260
    },
    {
      "timestamp": 1753675200000,
      "open": 1181.2,
      "high": 1197.7899,
      "low": 1168.53,
      "close": 1174.6,
      "volume": 3446958
    },
    {
      "timestamp": 1753761600000,
      "open": 1179,
      "high": 1179.6,
      "low": 1163.29,
      "close": 1168.74,
      "volume": 2752489
    },
    {
      "timestamp": 1753848000000,
      "open": 1168.55,
      "high": 1184.85,
      "low": 1166.1,
      "close": 1184.2,
      "volume": 2922731
    },
    {
      "timestamp": 1753934400000,
      "open": 1184.8,
      "high": 1190,
      "low": 1157.74,
      "close": 1159.4,
      "volume": 3712949
    },
    {
      "timestamp": 1754020800000,
      "open": 1163.01,
      "high": 1178.505,
      "low": 1152.85,
      "close": 1158.6,
      "volume": 3890950
    },
    {
      "timestamp": 1754280000000,
      "open": 1167.65,
      "high": 1177,
      "low": 1162.615,
      "close": 1170.99,
      "volume": 2244702
    },
    {
      "timestamp": 1754366400000,
      "open": 1171,
      "high": 1171.71,
      "low": 1144.71,
      "close": 1147.87,
      "volume": 2660735
    },
    {
      "timestamp": 1754452800000,
      "open": 1153.52,
      "high": 1181.375,
      "low": 1151.8701,
      "close": 1178.48,
      "volume": 3362161
    },
    {
      "timestamp": 1754539200000,
      "open": 1181.76,
      "high": 1191.22,
      "low": 1168.2,
      "close": 1180.37,
      "volume": 2628321
    },
    {
      "timestamp": 1754625600000,
      "open": 1183.19,
      "high": 1214.11,
      "low": 1180.3701,
      "close": 1211.64,
      "volume": 3816689
    },
    {
      "timestamp": 1754884800000,
      "open": 1214.01,
      "high": 1223.07,
      "low": 1201.93,
      "close": 1218.31,
      "volume": 2455648
    },
    {
      "timestamp": 1754971200000,
      "open": 1225,
      "high": 1231.99,
      "low": 1206.505,
      "close": 1225.28,
      "volume": 2282627
    },
    {
      "timestamp": 1755057600000,
      "open": 1234,
      "high": 1237.12,
      "low": 1203,
      "close": 1204.44,
      "volume": 2762355
    },
    {
      "timestamp": 1755144000000,
      "open": 1209.89,
      "high": 1244.09,
      "low": 1207.03,
      "close": 1230.56,
      "volume": 3904668
    },
    {
      "timestamp": 1755230400000,
      "open": 1234.04,
      "high": 1246.941,
      "low": 1227.88,
      "close": 1238.95,
      "volume": 2767804
    },
    {
      "timestamp": 1755489600000,
      "open": 1235.63,
      "high": 1251.1599,
      "low": 1235.45,
      "close": 1245.09,
      "volume": 2111087
    }
  ],
  "timestamp": 1762843925933,
  "ttl": 86400000
}