{
  "data": [
    {
      "timestamp": 1717387200000,
      "open": 113.621,
      "high": 115,
      "low": 112.003,
      "close": 115,
      "volume": 438391760
    },
    {
      "timestamp": 1717473600000,
      "open": 115.716,
      "high": 116.6,
      "low": 114.045,
      "close": 116.437,
      "volume": 403324010
    },
    {
      "timestamp": 1717560000000,
      "open": 118.371,
      "high": 122.4495,
      "low": 117.468,
      "close": 122.44,
      "volume": 528401780
    },
    {
      "timestamp": 1717646400000,
      "open": 124.048,
      "high": 125.587,
      "low": 118.32,
      "close": 120.998,
      "volume": 664696190
    },
    {
      "timestamp": 1717732800000,
      "open": 119.77,
      "high": 121.6917,
      "low": 118.022,
      "close": 120.888,
      "volume": 412385800
    },
    {
      "timestamp": 1717992000000,
      "open": 120.37,
      "high": 195.95,
      "low": 117.01,
      "close": 121.79,
      "volume": 314162650
    },
    {
      "timestamp": 1718078400000,
      "open": 121.77,
      "high": 122.87,
      "low": 118.74,
      "close": 120.91,
      "volume": 222551158
    },
    {
      "timestamp": 1718164800000,
      "open": 123.06,
      "high": 126.88,
      "low": 122.57,
      "close": 125.2,
      "volume": 299595001
    },
    {
      "timestamp": 1718251200000,
      "open": 129.39,
      "high": 129.8,
      "low": 127.16,
      "close": 129.61,
      "volume": 260704537
    },
    {
      "timestamp": 1718337600000,
      "open": 129.96,
      "high": 132.84,
      "low": 128.32,
      "close": 131.88,
      "volume": 309320376
    },
    {
      "timestamp": 1718596800000,
      "open": 132.99,
      "high": 133.73,
      "low": 129.58,
      "close": 130.98,
      "volume": 288504444
    },
    {
      "timestamp": 1718683200000,
      "open": 131.14,
      "high": 136.33,
      "low": 130.69,
      "close": 135.58,
      "volume": 294335054
    },
    {
      "timestamp": 1718856000000,
      "open": 139.8,
      "high": 140.76,
      "low": 129.52,
      "close": 130.78,
      "volume": 517768425
    },
    {
      "timestamp": 1718942400000,
      "open": 127.12,
      "high": 130.63,
      "low": 124.3,
      "close": 126.57,
      "volume": 655484664
    },
    {
      "timestamp": 1719201600000,
      "open": 123.24,
      "high": 124.46,
      "low": 118.04,
      "close": 118.11,
      "volume": 476060866
    },
    {
      "timestamp": 1719288000000,
      "open": 121.2,
      "high": 126.5,
      "low": 119.32,
      "close": 126.09,
      "volume": 425787456
    },
    {
      "timestamp": 1719374400000,
      "open": 126.13,
      "high": 128.12,
      "low": 122.6,
      "close": 126.4,
      "volume": 362975918
    },
    {
      "timestamp": 1719460800000,
      "open": 124.1,
      "high": 126.41,
      "low": 122.92,
      "close": 123.99,
      "volume": 252571693
    },
    {
      "timestamp": 1719547200000,
      "open": 124.58,
      "high": 127.71,
      "low": 122.75,
      "close": 123.54,
      "volume": 315516740
    },
    {
      "timestamp": 1719806400000,
      "open": 123.47,
      "high": 124.84,
      "low": 118.83,
      "close": 124.3,
      "volume": 284885534
    },
    {
      "timestamp": 1719892800000,
      "open": 121.13,
      "high": 123.41,
      "low": 121.03,
      "close": 122.67,
      "volume": 218373969
    },
    {
      "timestamp": 1719979200000,
      "open": 121.66,
      "high": 128.28,
      "low": 121.36,
      "close": 128.28,
      "volume": 215748955
    },
    {
      "timestamp": 1720152000000,
      "open": 127.38,
      "high": 128.85,
      "low": 125.68,
      "close": 125.83,
      "volume": 214176689
    },
    {
      "timestamp": 1720411200000,
      "open": 127.49,
      "high": 130.77,
      "low": 127.04,
      "close": 128.2,
      "volume": 237677322
    },
    {
      "timestamp": 1720497600000,
      "open": 130.35,
      "high": 133.82,
      "low": 128.65,
      "close": 131.38,
      "volume": 287020820
    },
    {
      "timestamp": 1720584000000,
      "open": 134.03,
      "high": 135.1,
      "low": 132.42,
      "close": 134.91,
      "volume": 248978569
    },
    {
      "timestamp": 1720670400000,
      "open": 135.75,
      "high": 136.15,
      "low": 127.05,
      "close": 127.4,
      "volume": 374782738
    },
    {
      "timestamp": 1720756800000,
      "open": 128.26,
      "high": 131.92,
      "low": 127.22,
      "close": 129.24,
      "volume": 252680535
    },
    {
      "timestamp": 1721016000000,
      "open": 130.56,
      "high": 131.39,
      "low": 127.18,
      "close": 128.44,
      "volume": 208326164
    },
    {
      "timestamp": 1721102400000,
      "open": 128.44,
      "high": 129.04,
      "low": 124.58,
      "close": 126.36,
      "volume": 214769515
    },
    {
      "timestamp": 1721188800000,
      "open": 121.35,
      "high": 121.85,
      "low": 116.72,
      "close": 117.99,
      "volume": 390086189
    },
    {
      "timestamp": 1721275200000,
      "open": 121.85,
      "high": 122.4,
      "low": 116.56,
      "close": 121.09,
      "volume": 320979530
    },
    {
      "timestamp": 1721361600000,
      "open": 120.35,
      "high": 121.6,
      "low": 117.37,
      "close": 117.93,
      "volume": 217223800
    },
    {
      "timestamp": 1721620800000,
      "open": 120.35,
      "high": 124.07,
      "low": 119.86,
      "close": 123.54,
      "volume": 258068943
    },
    {
      "timestamp": 1721707200000,
      "open": 122.78,
      "high": 124.69,
      "low": 122.1,
      "close": 122.59,
      "volume": 173910983
    },
    {
      "timestamp": 1721793600000,
      "open": 119.17,
      "high": 119.95,
      "low": 113.44,
      "close": 114.25,
      "volume": 327776884
    },
    {
      "timestamp": 1721880000000,
      "open": 113.04,
      "high": 116.63,
      "low": 106.3,
      "close": 112.28,
      "volume": 460067019
    },
    {
      "timestamp": 1721966400000,
      "open": 116.19,
      "high": 116.2,
      "low": 111.58,
      "close": 113.06,
      "volume": 293399073
    },
    {
      "timestamp": 1722225600000,
      "open": 113.69,
      "high": 116.28,
      "low": 111.3,
      "close": 111.59,
      "volume": 248152068
    },
    {
      "timestamp": 1722312000000,
      "open": 111.52,
      "high": 111.99,
      "low": 102.54,
      "close": 103.73,
      "volume": 486833274
    },
    {
      "timestamp": 1722398400000,
      "open": 112.9,
      "high": 118.34,
      "low": 110.88,
      "close": 117.02,
      "volume": 473174182
    },
    {
      "timestamp": 1722484800000,
      "open": 117.53,
      "high": 120.16,
      "low": 106.8104,
      "close": 109.21,
      "volume": 523462326
    },
    {
      "timestamp": 1722571200000,
      "open": 103.76,
      "high": 108.72,
      "low": 101.37,
      "close": 107.27,
      "volume": 482027464
    },
    {
      "timestamp": 1722830400000,
      "open": 92.06,
      "high": 103.41,
      "low": 90.69,
      "close": 100.45,
      "volume": 552842375
    },
    {
      "timestamp": 1722916800000,
      "open": 103.84,
      "high": 107.71,
      "low": 100.55,
      "close": 104.25,
      "volume": 409012089
    },
    {
      "timestamp": 1723003200000,
      "open": 107.81,
      "high": 108.8,
      "low": 98.69,
      "close": 98.91,
      "volume": 411440423
    },
    {
      "timestamp": 1723089600000,
      "open": 102,
      "high": 105.5,
      "low": 97.52,
      "close": 104.97,
      "volume": 391910023
    },
    {
      "timestamp": 1723176000000,
      "open": 105.64,
      "high": 106.6,
      "low": 103.43,
      "close": 104.75,
      "volume": 290844157
    },
    {
      "timestamp": 1723435200000,
      "open": 106.32,
      "high": 111.07,
      "low": 106.26,
      "close": 109.02,
      "volume": 325559870
    },
    {
      "timestamp": 1723521600000,
      "open": 112.44,
      "high": 116.23,
      "low": 111.58,
      "close": 116.14,
      "volume": 312646660
    },
    {
      "timestamp": 1723608000000,
      "open": 118.53,
      "high": 118.6,
      "low": 114.07,
      "close": 118.08,
      "volume": 339246407
    },
    {
      "timestamp": 1723694400000,
      "open": 118.76,
      "high": 123.24,
      "low": 117.47,
      "close": 122.86,
      "volume": 318086673
    },
    {
      "timestamp": 1723780800000,
      "open": 121.94,
      "high": 125,
      "low": 121.18,
      "close": 124.58,
      "volume": 302589872
    },
    {
      "timestamp": 1724040000000,
      "open": 124.28,
      "high": 130,
      "low": 123.42,
      "close": 130,
      "volume": 318333577
    },
    {
      "timestamp": 1724126400000,
      "open": 128.4,
      "high": 129.88,
      "low": 125.89,
      "close": 127.25,
      "volume": 300087415
    },
    {
      "timestamp": 1724212800000,
      "open": 127.315,
      "high": 129.35,
      "low": 126.66,
      "close": 128.5,
      "volume": 257883572
    },
    {
      "timestamp": 1724299200000,
      "open": 130.02,
      "high": 130.75,
      "low": 123.1,
      "close": 123.74,
      "volume": 376189076
    },
    {
      "timestamp": 1724385600000,
      "open": 125.86,
      "high": 129.6,
      "low": 125.22,
      "close": 129.37,
      "volume": 323230332
    },
    {
      "timestamp": 1724644800000,
      "open": 129.57,
      "high": 131.26,
      "low": 124.37,
      "close": 126.46,
      "volume": 331964672
    },
    {
      "timestamp": 1724731200000,
      "open": 125.05,
      "high": 129.2,
      "low": 123.88,
      "close": 128.3,
      "volume": 303134573
    },
    {
      "timestamp": 1724817600000,
      "open": 128.12,
      "high": 128.33,
      "low": 122.64,
      "close": 125.61,
      "volume": 448101115
    },
    {
      "timestamp": 1724904000000,
      "open": 121.355,
      "high": 124.43,
      "low": 116.71,
      "close": 117.59,
      "volume": 453023305
    },
    {
      "timestamp": 1724990400000,
      "open": 119.53,
      "high": 121.75,
      "low": 117.22,
      "close": 119.37,
      "volume": 333751583
    },
    {
      "timestamp": 1725336000000,
      "open": 116.01,
      "high": 116.21,
      "low": 107.29,
      "close": 108,
      "volume": 477155100
    },
    {
      "timestamp": 1725422400000,
      "open": 105.41,
      "high": 113.27,
      "low": 104.12,
      "close": 106.21,
      "volume": 372470291
    },
    {
      "timestamp": 1725508800000,
      "open": 104.985,
      "high": 109.65,
      "low": 104.76,
      "close": 107.21,
      "volume": 306850696
    },
    {
      "timestamp": 1725595200000,
      "open": 108.04,
      "high": 108.15,
      "low": 100.95,
      "close": 102.83,
      "volume": 413638098
    },
    {
      "timestamp": 1725854400000,
      "open": 104.88,
      "high": 106.55,
      "low": 103.69,
      "close": 106.47,
      "volume": 273912015
    },
    {
      "timestamp": 1725940800000,
      "open": 107.81,
      "high": 109.4,
      "low": 104.95,
      "close": 108.1,
      "volume": 268283736
    },
    {
      "timestamp": 1726027200000,
      "open": 109.39,
      "high": 117.19,
      "low": 107.42,
      "close": 116.91,
      "volume": 441422370
    },
    {
      "timestamp": 1726113600000,
      "open": 116.84,
      "high": 120.79,
      "low": 115.38,
      "close": 119.14,
      "volume": 367100496
    },
    {
      "timestamp": 1726200000000,
      "open": 119.08,
      "high": 119.955,
      "low": 117.6,
      "close": 119.1,
      "volume": 238358328
    },
    {
      "timestamp": 1726459200000,
      "open": 116.79,
      "high": 118.18,
      "low": 114.36,
      "close": 116.78,
      "volume": 248772308
    },
    {
      "timestamp": 1726545600000,
      "open": 118.17,
      "high": 118.8,
      "low": 114.83,
      "close": 115.59,
      "volume": 231925876
    },
    {
      "timestamp": 1726632000000,
      "open": 115.89,
      "high": 117.7,
      "low": 113.22,
      "close": 113.37,
      "volume": 310318937
    },
    {
      "timestamp": 1726718400000,
      "open": 117.35,
      "high": 119.66,
      "low": 117.25,
      "close": 117.87,
      "volume": 293506438
    },
    {
      "timestamp": 1726804800000,
      "open": 117.06,
      "high": 118.6181,
      "low": 115.3901,
      "close": 116,
      "volume": 382462428
    },
    {
      "timestamp": 1727064000000,
      "open": 116.55,
      "high": 116.99,
      "low": 114.86,
      "close": 116.26,
      "volume": 206228490
    },
    {
      "timestamp": 1727150400000,
      "open": 116.515,
      "high": 121.8,
      "low": 115.38,
      "close": 120.87,
      "volume": 354966772
    },
    {
      "timestamp": 1727236800000,
      "open": 122.02,
      "high": 124.94,
      "low": 121.61,
      "close": 123.51,
      "volume": 284692948
    },
    {
      "timestamp": 1727323200000,
      "open": 126.8,
      "high": 127.665,
      "low": 121.8,
      "close": 124.04,
      "volume": 302582868
    },
    {
      "timestamp": 1727409600000,
      "open": 123.97,
      "high": 124.03,
      "low": 119.26,
      "close": 121.4,
      "volume": 271009175
    },
    {
      "timestamp": 1727668800000,
      "open": 118.31,
      "high": 121.5,
      "low": 118.15,
      "close": 121.44,
      "volume": 227053651
    },
    {
      "timestamp": 1727755200000,
      "open": 121.765,
      "high": 122.4351,
      "low": 115.79,
      "close": 117,
      "volume": 302094485
    },
    {
      "timestamp": 1727841600000,
      "open": 116.44,
      "high": 119.38,
      "low": 115.14,
      "close": 118.85,
      "volume": 221845887
    },
    {
      "timestamp": 1727928000000,
      "open": 120.92,
      "high": 124.36,
      "low": 120.3401,
      "close": 122.85,
      "volume": 277117973
    },
    {
      "timestamp": 1728014400000,
      "open": 124.94,
      "high": 125.04,
      "low": 121.83,
      "close": 124.92,
      "volume": 244465552
    },
    {
      "timestamp": 1728273600000,
      "open": 124.99,
      "high": 130.64,
      "low": 124.95,
      "close": 127.72,
      "volume": 346250233
    },
    {
      "timestamp": 1728360000000,
      "open": 130.26,
      "high": 133.48,
      "low": 129.42,
      "close": 132.89,
      "volume": 285722485
    },
    {
      "timestamp": 1728446400000,
      "open": 134.11,
      "high": 134.52,
      "low": 131.38,
      "close": 132.65,
      "volume": 246191612
    },
    {
      "timestamp": 1728532800000,
      "open": 131.91,
      "high": 135,
      "low": 131,
      "close": 134.81,
      "volume": 242311337
    },
    {
      "timestamp": 1728619200000,
      "open": 134.01,
      "high": 135.78,
      "low": 133.66,
      "close": 134.8,
      "volume": 170209474
    },
    {
      "timestamp": 1728878400000,
      "open": 136.47,
      "high": 139.6,
      "low": 136.3,
      "close": 138.07,
      "volume": 232347668
    },
    {
      "timestamp": 1728964800000,
      "open": 137.87,
      "high": 138.57,
      "low": 128.74,
      "close": 131.6,
      "volume": 377831021
    },
    {
      "timestamp": 1729051200000,
      "open": 133.98,
      "high": 136.62,
      "low": 131.58,
      "close": 135.72,
      "volume": 264879720
    },
    {
      "timestamp": 1729137600000,
      "open": 139.34,
      "high": 140.89,
      "low": 136.87,
      "close": 136.93,
      "volume": 306435921
    },
    {
      "timestamp": 1729224000000,
      "open": 138.665,
      "high": 138.9,
      "low": 137.28,
      "close": 138,
      "volume": 176090184
    },
    {
      "timestamp": 1729483200000,
      "open": 138.13,
      "high": 143.71,
      "low": 138,
      "close": 143.71,
      "volume": 264554514
    },
    {
      "timestamp": 1729569600000,
      "open": 142.91,
      "high": 144.42,
      "low": 141.78,
      "close": 143.59,
      "volume": 226311589
    },
    {
      "timestamp": 1729656000000,
      "open": 142.03,
      "high": 142.43,
      "low": 137.46,
      "close": 139.56,
      "volume": 285930038
    },
    {
      "timestamp": 1729742400000,
      "open": 140.82,
      "high": 141.35,
      "low": 138.46,
      "close": 140.41,
      "volume": 172354888
    },
    {
      "timestamp": 1729828800000,
      "open": 140.93,
      "high": 144.13,
      "low": 140.8,
      "close": 141.54,
      "volume": 205122109
    },
    {
      "timestamp": 1730088000000,
      "open": 143,
      "high": 143.14,
      "low": 140.05,
      "close": 140.52,
      "volume": 173586745
    },
    {
      "timestamp": 1730174400000,
      "open": 140.285,
      "high": 142.2598,
      "low": 138.9,
      "close": 141.25,
      "volume": 157593634
    },
    {
      "timestamp": 1730260800000,
      "open": 139.54,
      "high": 140.33,
      "low": 136.81,
      "close": 139.335,
      "volume": 179418082
    },
    {
      "timestamp": 1730347200000,
      "open": 137.6,
      "high": 137.61,
      "low": 132.1106,
      "close": 132.76,
      "volume": 270039641
    },
    {
      "timestamp": 1730433600000,
      "open": 134.7,
      "high": 137.31,
      "low": 134.57,
      "close": 135.4,
      "volume": 207127838
    }
  ],
  "timestamp": 1762837992916,
  "ttl": 86400000
}