{
  "data": [
    {
      "timestamp": 1730088000000,
      "open": 143,
      "high": 143.14,
      "low": 140.05,
      "close": 140.52,
      "volume": 173586745
    },
    {
      "timestamp": 1730174400000,
      "open": 140.285,
      "high": 142.2598,
      "low": 138.9,
      "close": 141.25,
      "volume": 157593634
    },
    {
      "timestamp": 1730260800000,
      "open": 139.54,
      "high": 140.33,
      "low": 136.81,
      "close": 139.335,
      "volume": 179418082
    },
    {
      "timestamp": 1730347200000,
      "open": 137.6,
      "high": 137.61,
      "low": 132.1106,
      "close": 132.76,
      "volume": 270039641
    }
  ],
  "timestamp": 1762838346111,
  "ttl": 86400000
}