{
  "data": [
    {
      "timestamp": 1755489600000,
      "open": 180.6,
      "high": 182.9375,
      "low": 180.59,
      "close": 182.01,
      "volume": 132007959
    },
    {
      "timestamp": 1755576000000,
      "open": 182.43,
      "high": 182.5,
      "low": 175.49,
      "close": 175.64,
      "volume": 185229219
    },
    {
      "timestamp": 1755662400000,
      "open": 175.165,
      "high": 176,
      "low": 168.801,
      "close": 175.4,
      "volume": 215142725
    },
    {
      "timestamp": 1755748800000,
      "open": 174.85,
      "high": 176.9,
      "low": 173.81,
      "close": 174.98,
      "volume": 140040850
    },
    {
      "timestamp": 1755835200000,
      "open": 172.61,
      "high": 178.59,
      "low": 171.2,
      "close": 177.99,
      "volume": 172789427
    },
    {
      "timestamp": 1756094400000,
      "open": 178.35,
      "high": 181.91,
      "low": 176.57,
      "close": 179.81,
      "volume": 163012789
    },
    {
      "timestamp": 1756180800000,
      "open": 180.055,
      "high": 182.39,
      "low": 178.81,
      "close": 181.77,
      "volume": 168688186
    },
    {
      "timestamp": 1756267200000,
      "open": 181.98,
      "high": 182.49,
      "low": 179.1,
      "close": 181.6,
      "volume": 235518949
    },
    {
      "timestamp": 1756353600000,
      "open": 180.82,
      "high": 184.47,
      "low": 176.41,
      "close": 180.17,
      "volume": 281787824
    },
    {
      "timestamp": 1756440000000,
      "open": 178.11,
      "high": 178.15,
      "low": 173.145,
      "close": 174.18,
      "volume": 243257873
    },
    {
      "timestamp": 1756785600000,
      "open": 170,
      "high": 172.379,
      "low": 167.22,
      "close": 170.78,
      "volume": 231164853
    },
    {
      "timestamp": 1756872000000,
      "open": 171.06,
      "high": 172.41,
      "low": 168.875,
      "close": 170.62,
      "volume": 164424873
    },
    {
      "timestamp": 1756958400000,
      "open": 170.57,
      "high": 171.86,
      "low": 169.41,
      "close": 171.66,
      "volume": 141670144
    },
    {
      "timestamp": 1757044800000,
      "open": 168.03,
      "high": 169.03,
      "low": 164.07,
      "close": 167.02,
      "volume": 224441435
    },
    {
      "timestamp": 1757304000000,
      "open": 167.55,
      "high": 170.96,
      "low": 167.35,
      "close": 168.31,
      "volume": 163769133
    },
    {
      "timestamp": 1757390400000,
      "open": 169.09,
      "high": 170.98,
      "low": 166.7401,
      "close": 170.76,
      "volume": 157548392
    },
    {
      "timestamp": 1757476800000,
      "open": 176.64,
      "high": 179.29,
      "low": 175.47,
      "close": 177.33,
      "volume": 226852020
    },
    {
      "timestamp": 1757563200000,
      "open": 179.68,
      "high": 180.28,
      "low": 176.48,
      "close": 177.17,
      "volume": 151159274
    },
    {
      "timestamp": 1757649600000,
      "open": 177.77,
      "high": 178.595,
      "low": 176.45,
      "close": 177.82,
      "volume": 124911026
    },
    {
      "timestamp": 1757908800000,
      "open": 175.67,
      "high": 178.85,
      "low": 174.51,
      "close": 177.75,
      "volume": 147061559
    }
  ],
  "timestamp": 1762844529597,
  "ttl": 86400000
}