{
  "data": [
    {
      "timestamp": 1727755200000,
      "open": 121.765,
      "high": 122.4351,
      "low": 115.79,
      "close": 117,
      "volume": 302094485
    },
    {
      "timestamp": 1727841600000,
      "open": 116.44,
      "high": 119.38,
      "low": 115.14,
      "close": 118.85,
      "volume": 221845887
    },
    {
      "timestamp": 1727928000000,
      "open": 120.92,
      "high": 124.36,
      "low": 120.3401,
      "close": 122.85,
      "volume": 277117973
    },
    {
      "timestamp": 1728014400000,
      "open": 124.94,
      "high": 125.04,
      "low": 121.83,
      "close": 124.92,
      "volume": 244465552
    },
    {
      "timestamp": 1728273600000,
      "open": 124.99,
      "high": 130.64,
      "low": 124.95,
      "close": 127.72,
      "volume": 346250233
    },
    {
      "timestamp": 1728360000000,
      "open": 130.26,
      "high": 133.48,
      "low": 129.42,
      "close": 132.89,
      "volume": 285722485
    },
    {
      "timestamp": 1728446400000,
      "open": 134.11,
      "high": 134.52,
      "low": 131.38,
      "close": 132.65,
      "volume": 246191612
    },
    {
      "timestamp": 1728532800000,
      "open": 131.91,
      "high": 135,
      "low": 131,
      "close": 134.81,
      "volume": 242311337
    },
    {
      "timestamp": 1728619200000,
      "open": 134.01,
      "high": 135.78,
      "low": 133.66,
      "close": 134.8,
      "volume": 170209474
    },
    {
      "timestamp": 1728878400000,
      "open": 136.47,
      "high": 139.6,
      "low": 136.3,
      "close": 138.07,
      "volume": 232347668
    },
    {
      "timestamp": 1728964800000,
      "open": 137.87,
      "high": 138.57,
      "low": 128.74,
      "close": 131.6,
      "volume": 377831021
    },
    {
      "timestamp": 1729051200000,
      "open": 133.98,
      "high": 136.62,
      "low": 131.58,
      "close": 135.72,
      "volume": 264879720
    },
    {
      "timestamp": 1729137600000,
      "open": 139.34,
      "high": 140.89,
      "low": 136.87,
      "close": 136.93,
      "volume": 306435921
    },
    {
      "timestamp": 1729224000000,
      "open": 138.665,
      "high": 138.9,
      "low": 137.28,
      "close": 138,
      "volume": 176090184
    },
    {
      "timestamp": 1729483200000,
      "open": 138.13,
      "high": 143.71,
      "low": 138,
      "close": 143.71,
      "volume": 264554514
    },
    {
      "timestamp": 1729569600000,
      "open": 142.91,
      "high": 144.42,
      "low": 141.78,
      "close": 143.59,
      "volume": 226311589
    },
    {
      "timestamp": 1729656000000,
      "open": 142.03,
      "high": 142.43,
      "low": 137.46,
      "close": 139.56,
      "volume": 285930038
    },
    {
      "timestamp": 1729742400000,
      "open": 140.82,
      "high": 141.35,
      "low": 138.46,
      "close": 140.41,
      "volume": 172354888
    },
    {
      "timestamp": 1729828800000,
      "open": 140.93,
      "high": 144.13,
      "low": 140.8,
      "close": 141.54,
      "volume": 205122109
    },
    {
      "timestamp": 1730088000000,
      "open": 143,
      "high": 143.14,
      "low": 140.05,
      "close": 140.52,
      "volume": 173586745
    },
    {
      "timestamp": 1730174400000,
      "open": 140.285,
      "high": 142.2598,
      "low": 138.9,
      "close": 141.25,
      "volume": 157593634
    },
    {
      "timestamp": 1730260800000,
      "open": 139.54,
      "high": 140.33,
      "low": 136.81,
      "close": 139.335,
      "volume": 179418082
    },
    {
      "timestamp": 1730347200000,
      "open": 137.6,
      "high": 137.61,
      "low": 132.1106,
      "close": 132.76,
      "volume": 270039641
    }
  ],
  "timestamp": 1762838313608,
  "ttl": 86400000
}