{
  "data": [
    {
      "timestamp": 1754280000000,
      "open": 175.16,
      "high": 180.2,
      "low": 174.52,
      "close": 180,
      "volume": 148174609
    },
    {
      "timestamp": 1754366400000,
      "open": 179.62,
      "high": 180.26,
      "low": 175.9,
      "close": 178.26,
      "volume": 156407621
    },
    {
      "timestamp": 1754452800000,
      "open": 176.325,
      "high": 179.9,
      "low": 176.25,
      "close": 179.42,
      "volume": 137192265
    },
    {
      "timestamp": 1754539200000,
      "open": 181.57,
      "high": 183.88,
      "low": 178.795,
      "close": 180.77,
      "volume": 151878365
    },
    {
      "timestamp": 1754625600000,
      "open": 181.55,
      "high": 183.3,
      "low": 180.4,
      "close": 182.7,
      "volume": 123396679
    },
    {
      "timestamp": 1754884800000,
      "open": 182.05,
      "high": 183.84,
      "low": 180.25,
      "close": 182.06,
      "volume": 138323191
    },
    {
      "timestamp": 1754971200000,
      "open": 182.96,
      "high": 184.48,
      "low": 179.46,
      "close": 183.16,
      "volume": 145729202
    },
    {
      "timestamp": 1755057600000,
      "open": 182.615,
      "high": 183.97,
      "low": 179.35,
      "close": 181.59,
      "volume": 179871724
    },
    {
      "timestamp": 1755144000000,
      "open": 179.75,
      "high": 183.02,
      "low": 179.46,
      "close": 182.02,
      "volume": 129553959
    },
    {
      "timestamp": 1755230400000,
      "open": 181.88,
      "high": 181.9,
      "low": 178.0417,
      "close": 180.45,
      "volume": 156602161
    },
    {
      "timestamp": 1755489600000,
      "open": 180.6,
      "high": 182.9375,
      "low": 180.59,
      "close": 182.01,
      "volume": 132007959
    },
    {
      "timestamp": 1755576000000,
      "open": 182.43,
      "high": 182.5,
      "low": 175.49,
      "close": 175.64,
      "volume": 185229219
    },
    {
      "timestamp": 1755662400000,
      "open": 175.165,
      "high": 176,
      "low": 168.801,
      "close": 175.4,
      "volume": 215142725
    },
    {
      "timestamp": 1755748800000,
      "open": 174.85,
      "high": 176.9,
      "low": 173.81,
      "close": 174.98,
      "volume": 140040850
    },
    {
      "timestamp": 1755835200000,
      "open": 172.61,
      "high": 178.59,
      "low": 171.2,
      "close": 177.99,
      "volume": 172789427
    },
    {
      "timestamp": 1756094400000,
      "open": 178.35,
      "high": 181.91,
      "low": 176.57,
      "close": 179.81,
      "volume": 163012789
    },
    {
      "timestamp": 1756180800000,
      "open": 180.055,
      "high": 182.39,
      "low": 178.81,
      "close": 181.77,
      "volume": 168688186
    },
    {
      "timestamp": 1756267200000,
      "open": 181.98,
      "high": 182.49,
      "low": 179.1,
      "close": 181.6,
      "volume": 235518949
    },
    {
      "timestamp": 1756353600000,
      "open": 180.82,
      "high": 184.47,
      "low": 176.41,
      "close": 180.17,
      "volume": 281787824
    },
    {
      "timestamp": 1756440000000,
      "open": 178.11,
      "high": 178.15,
      "low": 173.145,
      "close": 174.18,
      "volume": 243257873
    }
  ],
  "timestamp": 1762844402003,
  "ttl": 86400000
}