{
  "data": [
    {
      "timestamp": 1728878400000,
      "open": 136.47,
      "high": 139.6,
      "low": 136.3,
      "close": 138.07,
      "volume": 232347668
    },
    {
      "timestamp": 1728964800000,
      "open": 137.87,
      "high": 138.57,
      "low": 128.74,
      "close": 131.6,
      "volume": 377831021
    },
    {
      "timestamp": 1729051200000,
      "open": 133.98,
      "high": 136.62,
      "low": 131.58,
      "close": 135.72,
      "volume": 264879720
    },
    {
      "timestamp": 1729137600000,
      "open": 139.34,
      "high": 140.89,
      "low": 136.87,
      "close": 136.93,
      "volume": 306435921
    },
    {
      "timestamp": 1729224000000,
      "open": 138.665,
      "high": 138.9,
      "low": 137.28,
      "close": 138,
      "volume": 176090184
    },
    {
      "timestamp": 1729483200000,
      "open": 138.13,
      "high": 143.71,
      "low": 138,
      "close": 143.71,
      "volume": 264554514
    }
  ],
  "timestamp": 1762839243189,
  "ttl": 86400000
}