{
  "data": [
    {
      "timestamp": 1752465600000,
      "open": 165.37,
      "high": 165.49,
      "low": 162.02,
      "close": 164.07,
      "volume": 136975754
    },
    {
      "timestamp": 1752552000000,
      "open": 171.19,
      "high": 172.4,
      "low": 169.195,
      "close": 170.7,
      "volume": 230627350
    },
    {
      "timestamp": 1752638400000,
      "open": 171.06,
      "high": 171.75,
      "low": 168.9,
      "close": 171.37,
      "volume": 158831509
    },
    {
      "timestamp": 1752724800000,
      "open": 172.02,
      "high": 174.16,
      "low": 170.83,
      "close": 173,
      "volume": 160841119
    },
    {
      "timestamp": 1752811200000,
      "open": 173.64,
      "high": 174.25,
      "low": 171.26,
      "close": 172.41,
      "volume": 146456416
    },
    {
      "timestamp": 1753070400000,
      "open": 172.75,
      "high": 173.38,
      "low": 171,
      "close": 171.38,
      "volume": 123126136
    },
    {
      "timestamp": 1753156800000,
      "open": 171.34,
      "high": 171.39,
      "low": 164.58,
      "close": 167.03,
      "volume": 193114327
    },
    {
      "timestamp": 1753243200000,
      "open": 169.53,
      "high": 171.26,
      "low": 167.97,
      "close": 170.78,
      "volume": 154082197
    },
    {
      "timestamp": 1753329600000,
      "open": 172.44,
      "high": 173.83,
      "low": 171.3,
      "close": 173.74,
      "volume": 128984628
    },
    {
      "timestamp": 1753416000000,
      "open": 173.61,
      "high": 174.72,
      "low": 172.96,
      "close": 173.5,
      "volume": 122316792
    },
    {
      "timestamp": 1753675200000,
      "open": 174.02,
      "high": 177,
      "low": 173.97,
      "close": 176.75,
      "volume": 140023521
    },
    {
      "timestamp": 1753761600000,
      "open": 177.96,
      "high": 179.38,
      "low": 175.02,
      "close": 175.51,
      "volume": 154077512
    },
    {
      "timestamp": 1753848000000,
      "open": 176.51,
      "high": 179.89,
      "low": 176.04,
      "close": 179.27,
      "volume": 174312208
    },
    {
      "timestamp": 1753934400000,
      "open": 182.9,
      "high": 183.3,
      "low": 175.93,
      "close": 177.87,
      "volume": 221685446
    },
    {
      "timestamp": 1754020800000,
      "open": 174.09,
      "high": 176.54,
      "low": 170.89,
      "close": 173.72,
      "volume": 204528985
    },
    {
      "timestamp": 1754280000000,
      "open": 175.16,
      "high": 180.2,
      "low": 174.52,
      "close": 180,
      "volume": 148174609
    },
    {
      "timestamp": 1754366400000,
      "open": 179.62,
      "high": 180.26,
      "low": 175.9,
      "close": 178.26,
      "volume": 156407621
    },
    {
      "timestamp": 1754452800000,
      "open": 176.325,
      "high": 179.9,
      "low": 176.25,
      "close": 179.42,
      "volume": 137192265
    },
    {
      "timestamp": 1754539200000,
      "open": 181.57,
      "high": 183.88,
      "low": 178.795,
      "close": 180.77,
      "volume": 151878365
    },
    {
      "timestamp": 1754625600000,
      "open": 181.55,
      "high": 183.3,
      "low": 180.4,
      "close": 182.7,
      "volume": 123396679
    },
    {
      "timestamp": 1754884800000,
      "open": 182.05,
      "high": 183.84,
      "low": 180.25,
      "close": 182.06,
      "volume": 138323191
    }
  ],
  "timestamp": 1762843741498,
  "ttl": 86400000
}