{
  "data": [
    {
      "timestamp": 1759118400000,
      "open": 180.425,
      "high": 184,
      "low": 180.32,
      "close": 181.85,
      "volume": 193063455
    },
    {
      "timestamp": 1759204800000,
      "open": 182.08,
      "high": 187.35,
      "low": 181.48,
      "close": 186.58,
      "volume": 236981032
    },
    {
      "timestamp": 1759291200000,
      "open": 185.24,
      "high": 188.14,
      "low": 183.9,
      "close": 187.24,
      "volume": 173844901
    },
    {
      "timestamp": 1759377600000,
      "open": 189.6,
      "high": 191.05,
      "low": 188.06,
      "close": 188.89,
      "volume": 136805821
    },
    {
      "timestamp": 1759464000000,
      "open": 189.19,
      "high": 190.36,
      "low": 185.38,
      "close": 187.62,
      "volume": 137596896
    },
    {
      "timestamp": 1759723200000,
      "open": 185.5,
      "high": 187.23,
      "low": 183.33,
      "close": 185.54,
      "volume": 157678104
    },
    {
      "timestamp": 1759809600000,
      "open": 186.23,
      "high": 189.06,
      "low": 184,
      "close": 185.04,
      "volume": 140088008
    },
    {
      "timestamp": 1759896000000,
      "open": 186.57,
      "high": 189.6,
      "low": 186.54,
      "close": 189.11,
      "volume": 130168861
    },
    {
      "timestamp": 1759982400000,
      "open": 192.225,
      "high": 195.3,
      "low": 191.06,
      "close": 192.57,
      "volume": 182997234
    },
    {
      "timestamp": 1760068800000,
      "open": 193.505,
      "high": 195.62,
      "low": 182.05,
      "close": 183.16,
      "volume": 268774359
    },
    {
      "timestamp": 1760328000000,
      "open": 187.965,
      "high": 190.1099,
      "low": 185.96,
      "close": 188.32,
      "volume": 153482755
    },
    {
      "timestamp": 1760414400000,
      "open": 184.77,
      "high": 184.8,
      "low": 179.7,
      "close": 180.03,
      "volume": 205641380
    },
    {
      "timestamp": 1760500800000,
      "open": 184.8,
      "high": 184.87,
      "low": 177.29,
      "close": 179.83,
      "volume": 214450482
    },
    {
      "timestamp": 1760587200000,
      "open": 182.23,
      "high": 183.28,
      "low": 179.77,
      "close": 181.81,
      "volume": 179723309
    },
    {
      "timestamp": 1760673600000,
      "open": 180.18,
      "high": 184.1,
      "low": 179.75,
      "close": 183.22,
      "volume": 173135217
    },
    {
      "timestamp": 1760932800000,
      "open": 183.13,
      "high": 185.2,
      "low": 181.73,
      "close": 182.64,
      "volume": 128541265
    },
    {
      "timestamp": 1761019200000,
      "open": 182.785,
      "high": 182.785,
      "low": 179.8,
      "close": 181.16,
      "volume": 124240168
    },
    {
      "timestamp": 1761105600000,
      "open": 181.14,
      "high": 183.44,
      "low": 176.76,
      "close": 180.28,
      "volume": 162249552
    },
    {
      "timestamp": 1761192000000,
      "open": 180.42,
      "high": 183.03,
      "low": 179.7901,
      "close": 182.16,
      "volume": 111357857
    },
    {
      "timestamp": 1761278400000,
      "open": 183.835,
      "high": 187.47,
      "low": 183.5,
      "close": 186.26,
      "volume": 131284997
    },
    {
      "timestamp": 1761537600000,
      "open": 189.99,
      "high": 192,
      "low": 188.4318,
      "close": 191.49,
      "volume": 153451565
    },
    {
      "timestamp": 1761624000000,
      "open": 193.05,
      "high": 203.15,
      "low": 191.91,
      "close": 201.03,
      "volume": 297970590
    },
    {
      "timestamp": 1761710400000,
      "open": 207.98,
      "high": 212.1899,
      "low": 204.775,
      "close": 207.04,
      "volume": 308822352
    }
  ],
  "timestamp": 1762872423357,
  "ttl": 86400000
}