{
  "data": [
    {
      "timestamp": 1729483200000,
      "open": 138.13,
      "high": 143.71,
      "low": 138,
      "close": 143.71,
      "volume": 264554514
    },
    {
      "timestamp": 1729569600000,
      "open": 142.91,
      "high": 144.42,
      "low": 141.78,
      "close": 143.59,
      "volume": 226311589
    },
    {
      "timestamp": 1729656000000,
      "open": 142.03,
      "high": 142.43,
      "low": 137.46,
      "close": 139.56,
      "volume": 285930038
    },
    {
      "timestamp": 1729742400000,
      "open": 140.82,
      "high": 141.35,
      "low": 138.46,
      "close": 140.41,
      "volume": 172354888
    },
    {
      "timestamp": 1729828800000,
      "open": 140.93,
      "high": 144.13,
      "low": 140.8,
      "close": 141.54,
      "volume": 205122109
    },
    {
      "timestamp": 1730088000000,
      "open": 143,
      "high": 143.14,
      "low": 140.05,
      "close": 140.52,
      "volume": 173586745
    }
  ],
  "timestamp": 1762838315553,
  "ttl": 86400000
}