{
  "data": [
    {
      "timestamp": 1753675200000,
      "open": 159.88,
      "high": 160.2799,
      "low": 153.04,
      "close": 157.88,
      "volume": 63886935
    },
    {
      "timestamp": 1753761600000,
      "open": 158.715,
      "high": 160.14,
      "low": 154.91,
      "close": 156.24,
      "volume": 42427214
    },
    {
      "timestamp": 1753848000000,
      "open": 157.365,
      "high": 159.38,
      "low": 156.56,
      "close": 158.61,
      "volume": 40261681
    },
    {
      "timestamp": 1753934400000,
      "open": 159.99,
      "high": 160.89,
      "low": 156.73,
      "close": 158.35,
      "volume": 45342610
    },
    {
      "timestamp": 1754020800000,
      "open": 155.05,
      "high": 158.19,
      "low": 151.0576,
      "close": 154.27,
      "volume": 61286993
    },
    {
      "timestamp": 1754280000000,
      "open": 158.53,
      "high": 161.4,
      "low": 157.9301,
      "close": 160.66,
      "volume": 82993558
    },
    {
      "timestamp": 1754366400000,
      "open": 171.81,
      "high": 176.33,
      "low": 169.2201,
      "close": 173.27,
      "volume": 130917543
    },
    {
      "timestamp": 1754452800000,
      "open": 171.175,
      "high": 180.5813,
      "low": 171.01,
      "close": 179.54,
      "volume": 82924849
    },
    {
      "timestamp": 1754539200000,
      "open": 181.01,
      "high": 184.48,
      "low": 178.17,
      "close": 182.2,
      "volume": 77829184
    },
    {
      "timestamp": 1754625600000,
      "open": 184.735,
      "high": 187.99,
      "low": 184.41,
      "close": 186.96,
      "volume": 62657935
    },
    {
      "timestamp": 1754884800000,
      "open": 186.47,
      "high": 187.18,
      "low": 181.92,
      "close": 182.68,
      "volume": 56125630
    },
    {
      "timestamp": 1754971200000,
      "open": 184.7,
      "high": 190,
      "low": 182.1,
      "close": 186.97,
      "volume": 54983765
    },
    {
      "timestamp": 1755057600000,
      "open": 189,
      "high": 189.46,
      "low": 183.59,
      "close": 184.37,
      "volume": 53610031
    },
    {
      "timestamp": 1755144000000,
      "open": 182.41,
      "high": 185.33,
      "low": 179.2,
      "close": 181.02,
      "volume": 53472933
    },
    {
      "timestamp": 1755230400000,
      "open": 179.725,
      "high": 180,
      "low": 173.38,
      "close": 177.17,
      "volume": 60288736
    },
    {
      "timestamp": 1755489600000,
      "open": 175.27,
      "high": 177.9,
      "low": 171.39,
      "close": 174.03,
      "volume": 62656597
    },
    {
      "timestamp": 1755576000000,
      "open": 171.36,
      "high": 172.3,
      "low": 156.9,
      "close": 157.75,
      "volume": 137922722
    },
    {
      "timestamp": 1755662400000,
      "open": 152.3,
      "high": 156.46,
      "low": 142.34,
      "close": 156.01,
      "volume": 220336359
    },
    {
      "timestamp": 1755748800000,
      "open": 157.17,
      "high": 157.97,
      "low": 153.81,
      "close": 156.18,
      "volume": 94678639
    },
    {
      "timestamp": 1755835200000,
      "open": 155.315,
      "high": 163.2,
      "low": 151.77,
      "close": 158.74,
      "volume": 102099177
    },
    {
      "timestamp": 1756094400000,
      "open": 156.1,
      "high": 158.59,
      "low": 149.37,
      "close": 157.17,
      "volume": 86879821
    }
  ],
  "timestamp": 1762844104226,
  "ttl": 86400000
}