{
  "data": [
    {
      "timestamp": 1754280000000,
      "open": 559.05,
      "high": 564.315,
      "low": 558.95,
      "close": 564.1,
      "volume": 47669751
    },
    {
      "timestamp": 1754366400000,
      "open": 565.39,
      "high": 566.5607,
      "low": 559.73,
      "close": 560.27,
      "volume": 48666640
    },
    {
      "timestamp": 1754452800000,
      "open": 561.11,
      "high": 567.76,
      "low": 560.63,
      "close": 567.32,
      "volume": 41823677
    },
    {
      "timestamp": 1754539200000,
      "open": 571.67,
      "high": 573.32,
      "low": 565.11,
      "close": 569.24,
      "volume": 44462972
    },
    {
      "timestamp": 1754625600000,
      "open": 570.45,
      "high": 574.77,
      "low": 570.15,
      "close": 574.55,
      "volume": 35255472
    },
    {
      "timestamp": 1754884800000,
      "open": 574.69,
      "high": 576.8,
      "low": 571.57,
      "close": 572.85,
      "volume": 33112917
    },
    {
      "timestamp": 1754971200000,
      "open": 575.16,
      "high": 580.35,
      "low": 572.485,
      "close": 580.05,
      "volume": 42271441
    },
    {
      "timestamp": 1755057600000,
      "open": 582.76,
      "high": 583.3199,
      "low": 578.94,
      "close": 580.34,
      "volume": 41209294
    },
    {
      "timestamp": 1755144000000,
      "open": 578.28,
      "high": 581.88,
      "low": 577.91,
      "close": 579.89,
      "volume": 45425043
    },
    {
      "timestamp": 1755230400000,
      "open": 579.8,
      "high": 579.84,
      "low": 575.5743,
      "close": 577.34,
      "volume": 49480161
    },
    {
      "timestamp": 1755489600000,
      "open": 576.44,
      "high": 577.765,
      "low": 575.2412,
      "close": 577.11,
      "volume": 29830957
    },
    {
      "timestamp": 1755576000000,
      "open": 576.39,
      "high": 576.56,
      "low": 568.25,
      "close": 569.28,
      "volume": 53752635
    },
    {
      "timestamp": 1755662400000,
      "open": 568.33,
      "high": 568.45,
      "low": 558.84,
      "close": 565.9,
      "volume": 76781087
    },
    {
      "timestamp": 1755748800000,
      "open": 564.35,
      "high": 566.49,
      "low": 560.98,
      "close": 563.28,
      "volume": 46436899
    },
    {
      "timestamp": 1755835200000,
      "open": 564.67,
      "high": 573.99,
      "low": 563.27,
      "close": 571.97,
      "volume": 51502129
    },
    {
      "timestamp": 1756094400000,
      "open": 570.4,
      "high": 573.2871,
      "low": 569.16,
      "close": 570.32,
      "volume": 34044749
    },
    {
      "timestamp": 1756180800000,
      "open": 569.83,
      "high": 572.92,
      "low": 568.8,
      "close": 572.61,
      "volume": 34103014
    },
    {
      "timestamp": 1756267200000,
      "open": 571.59,
      "high": 574.405,
      "low": 570.37,
      "close": 573.49,
      "volume": 36927144
    },
    {
      "timestamp": 1756353600000,
      "open": 574.11,
      "high": 578,
      "low": 572.46,
      "close": 577.08,
      "volume": 46787857
    },
    {
      "timestamp": 1756440000000,
      "open": 574.655,
      "high": 575.03,
      "low": 568.54,
      "close": 570.4,
      "volume": 56030409
    }
  ],
  "timestamp": 1762844169054,
  "ttl": 86400000
}