{
  "data": [
    {
      "timestamp": 1753070400000,
      "open": 562.09,
      "high": 566.06,
      "low": 562.06,
      "close": 564.17,
      "volume": 39595214
    },
    {
      "timestamp": 1753156800000,
      "open": 564.3,
      "high": 564.35,
      "low": 558.61,
      "close": 561.25,
      "volume": 43270647
    },
    {
      "timestamp": 1753243200000,
      "open": 562.34,
      "high": 563.85,
      "low": 559.58,
      "close": 563.81,
      "volume": 40215259
    },
    {
      "timestamp": 1753329600000,
      "open": 565.13,
      "high": 566.24,
      "low": 563.295,
      "close": 565.01,
      "volume": 42275541
    },
    {
      "timestamp": 1753416000000,
      "open": 564.93,
      "high": 567.695,
      "low": 564.27,
      "close": 566.37,
      "volume": 30630813
    },
    {
      "timestamp": 1753675200000,
      "open": 567.74,
      "high": 569.04,
      "low": 566.87,
      "close": 568.14,
      "volume": 31498739
    },
    {
      "timestamp": 1753761600000,
      "open": 570.76,
      "high": 572.11,
      "low": 566.53,
      "close": 567.26,
      "volume": 45463317
    },
    {
      "timestamp": 1753848000000,
      "open": 568.18,
      "high": 570.62,
      "low": 565.05,
      "close": 568.02,
      "volume": 43433777
    },
    {
      "timestamp": 1753934400000,
      "open": 574.54,
      "high": 574.63,
      "low": 563.87,
      "close": 565.01,
      "volume": 64613590
    },
    {
      "timestamp": 1754020800000,
      "open": 558.83,
      "high": 559.02,
      "low": 551.68,
      "close": 553.88,
      "volume": 69400789
    },
    {
      "timestamp": 1754280000000,
      "open": 559.05,
      "high": 564.315,
      "low": 558.95,
      "close": 564.1,
      "volume": 47669751
    },
    {
      "timestamp": 1754366400000,
      "open": 565.39,
      "high": 566.5607,
      "low": 559.73,
      "close": 560.27,
      "volume": 48666640
    },
    {
      "timestamp": 1754452800000,
      "open": 561.11,
      "high": 567.76,
      "low": 560.63,
      "close": 567.32,
      "volume": 41823677
    },
    {
      "timestamp": 1754539200000,
      "open": 571.67,
      "high": 573.32,
      "low": 565.11,
      "close": 569.24,
      "volume": 44462972
    },
    {
      "timestamp": 1754625600000,
      "open": 570.45,
      "high": 574.77,
      "low": 570.15,
      "close": 574.55,
      "volume": 35255472
    },
    {
      "timestamp": 1754884800000,
      "open": 574.69,
      "high": 576.8,
      "low": 571.57,
      "close": 572.85,
      "volume": 33112917
    },
    {
      "timestamp": 1754971200000,
      "open": 575.16,
      "high": 580.35,
      "low": 572.485,
      "close": 580.05,
      "volume": 42271441
    },
    {
      "timestamp": 1755057600000,
      "open": 582.76,
      "high": 583.3199,
      "low": 578.94,
      "close": 580.34,
      "volume": 41209294
    },
    {
      "timestamp": 1755144000000,
      "open": 578.28,
      "high": 581.88,
      "low": 577.91,
      "close": 579.89,
      "volume": 45425043
    },
    {
      "timestamp": 1755230400000,
      "open": 579.8,
      "high": 579.84,
      "low": 575.5743,
      "close": 577.34,
      "volume": 49480161
    },
    {
      "timestamp": 1755489600000,
      "open": 576.44,
      "high": 577.765,
      "low": 575.2412,
      "close": 577.11,
      "volume": 29830957
    }
  ],
  "timestamp": 1762843869264,
  "ttl": 86400000
}