{
  "data": [
    {
      "timestamp": 1757908800000,
      "open": 588.44,
      "high": 591.79,
      "low": 588.295,
      "close": 591.68,
      "volume": 44360315
    },
    {
      "timestamp": 1757995200000,
      "open": 592.61,
      "high": 592.86,
      "low": 590.49,
      "close": 591.18,
      "volume": 36942130
    },
    {
      "timestamp": 1758081600000,
      "open": 591.1,
      "high": 591.75,
      "low": 584.365,
      "close": 590,
      "volume": 69384820
    },
    {
      "timestamp": 1758168000000,
      "open": 594.91,
      "high": 598.14,
      "low": 592.96,
      "close": 595.32,
      "volume": 61069294
    },
    {
      "timestamp": 1758254400000,
      "open": 597.33,
      "high": 600.05,
      "low": 595.85,
      "close": 599.35,
      "volume": 58196109
    },
    {
      "timestamp": 1758513600000,
      "open": 597.74,
      "high": 602.87,
      "low": 597.72,
      "close": 602.2,
      "volume": 57154769
    },
    {
      "timestamp": 1758600000000,
      "open": 602.37,
      "high": 602.57,
      "low": 596.98,
      "close": 598.2,
      "volume": 64635486
    },
    {
      "timestamp": 1758686400000,
      "open": 599.58,
      "high": 599.9,
      "low": 593.36,
      "close": 596.1,
      "volume": 49850301
    },
    {
      "timestamp": 1758772800000,
      "open": 592.2,
      "high": 595.115,
      "low": 588.5,
      "close": 593.53,
      "volume": 70920209
    },
    {
      "timestamp": 1758859200000,
      "open": 594.35,
      "high": 596.3,
      "low": 591.06,
      "close": 595.97,
      "volume": 54337416
    },
    {
      "timestamp": 1759118400000,
      "open": 599.11,
      "high": 602.05,
      "low": 597.41,
      "close": 598.73,
      "volume": 48332934
    },
    {
      "timestamp": 1759204800000,
      "open": 598.43,
      "high": 600.71,
      "low": 596.1,
      "close": 600.37,
      "volume": 46533814
    },
    {
      "timestamp": 1759291200000,
      "open": 597.17,
      "high": 603.79,
      "low": 596.34,
      "close": 603.25,
      "volume": 46899612
    },
    {
      "timestamp": 1759377600000,
      "open": 607.06,
      "high": 607.16,
      "low": 602.93,
      "close": 605.73,
      "volume": 43765410
    },
    {
      "timestamp": 1759464000000,
      "open": 606.51,
      "high": 607.3255,
      "low": 601.385,
      "close": 603.18,
      "volume": 46482098
    },
    {
      "timestamp": 1759723200000,
      "open": 608.45,
      "high": 609.36,
      "low": 605.97,
      "close": 607.71,
      "volume": 41962115
    },
    {
      "timestamp": 1759809600000,
      "open": 609.02,
      "high": 609.71,
      "low": 603.03,
      "close": 604.51,
      "volume": 58209463
    },
    {
      "timestamp": 1759896000000,
      "open": 605.41,
      "high": 611.75,
      "low": 605.26,
      "close": 611.44,
      "volume": 50629754
    },
    {
      "timestamp": 1759982400000,
      "open": 611.48,
      "high": 611.61,
      "low": 607.48,
      "close": 610.7,
      "volume": 45550958
    },
    {
      "timestamp": 1760068800000,
      "open": 611.4,
      "high": 613.18,
      "low": 589.05,
      "close": 589.5,
      "volume": 97614783
    },
    {
      "timestamp": 1760328000000,
      "open": 599.68,
      "high": 602.95,
      "low": 597.23,
      "close": 602.01,
      "volume": 65872584
    },
    {
      "timestamp": 1760414400000,
      "open": 595.31,
      "high": 602.69,
      "low": 590.13,
      "close": 598,
      "volume": 69203187
    },
    {
      "timestamp": 1760500800000,
      "open": 604.01,
      "high": 606.7,
      "low": 595.93,
      "close": 602.22,
      "volume": 62805456
    },
    {
      "timestamp": 1760587200000,
      "open": 605.11,
      "high": 608.31,
      "low": 595.5,
      "close": 599.99,
      "volume": 70981963
    },
    {
      "timestamp": 1760673600000,
      "open": 597.95,
      "high": 605.51,
      "low": 596.37,
      "close": 603.93,
      "volume": 72024872
    },
    {
      "timestamp": 1760932800000,
      "open": 607.14,
      "high": 612.8,
      "low": 607.065,
      "close": 611.54,
      "volume": 45761697
    }
  ],
  "timestamp": 1762844584246,
  "ttl": 86400000
}