{
  "data": [
    {
      "timestamp": 1756094400000,
      "open": 570.4,
      "high": 573.2871,
      "low": 569.16,
      "close": 570.32,
      "volume": 34044749
    },
    {
      "timestamp": 1756180800000,
      "open": 569.83,
      "high": 572.92,
      "low": 568.8,
      "close": 572.61,
      "volume": 34103014
    },
    {
      "timestamp": 1756267200000,
      "open": 571.59,
      "high": 574.405,
      "low": 570.37,
      "close": 573.49,
      "volume": 36927144
    },
    {
      "timestamp": 1756353600000,
      "open": 574.11,
      "high": 578,
      "low": 572.46,
      "close": 577.08,
      "volume": 46787857
    },
    {
      "timestamp": 1756440000000,
      "open": 574.655,
      "high": 575.03,
      "low": 568.54,
      "close": 570.4,
      "volume": 56030409
    },
    {
      "timestamp": 1756785600000,
      "open": 561.31,
      "high": 565.965,
      "low": 559.535,
      "close": 565.62,
      "volume": 65876765
    },
    {
      "timestamp": 1756872000000,
      "open": 569.23,
      "high": 571.695,
      "low": 566.725,
      "close": 570.07,
      "volume": 54230213
    },
    {
      "timestamp": 1756958400000,
      "open": 570.74,
      "high": 575.6,
      "low": 569.025,
      "close": 575.23,
      "volume": 47526280
    },
    {
      "timestamp": 1757044800000,
      "open": 580.49,
      "high": 581.12,
      "low": 571.53,
      "close": 576.06,
      "volume": 68342532
    },
    {
      "timestamp": 1757304000000,
      "open": 578.37,
      "high": 580.84,
      "low": 577.77,
      "close": 578.87,
      "volume": 46371354
    },
    {
      "timestamp": 1757390400000,
      "open": 579.67,
      "high": 580.94,
      "low": 577.04,
      "close": 580.51,
      "volume": 44007592
    },
    {
      "timestamp": 1757476800000,
      "open": 583.74,
      "high": 583.77,
      "low": 578.55,
      "close": 580.7,
      "volume": 49307959
    },
    {
      "timestamp": 1757563200000,
      "open": 583.24,
      "high": 584.88,
      "low": 581.62,
      "close": 584.08,
      "volume": 44745766
    },
    {
      "timestamp": 1757649600000,
      "open": 585.04,
      "high": 587.86,
      "low": 584.1,
      "close": 586.66,
      "volume": 50745886
    },
    {
      "timestamp": 1757908800000,
      "open": 588.44,
      "high": 591.79,
      "low": 588.295,
      "close": 591.68,
      "volume": 44360315
    },
    {
      "timestamp": 1757995200000,
      "open": 592.61,
      "high": 592.86,
      "low": 590.49,
      "close": 591.18,
      "volume": 36942130
    },
    {
      "timestamp": 1758081600000,
      "open": 591.1,
      "high": 591.75,
      "low": 584.365,
      "close": 590,
      "volume": 69384820
    },
    {
      "timestamp": 1758168000000,
      "open": 594.91,
      "high": 598.14,
      "low": 592.96,
      "close": 595.32,
      "volume": 61069294
    },
    {
      "timestamp": 1758254400000,
      "open": 597.33,
      "high": 600.05,
      "low": 595.85,
      "close": 599.35,
      "volume": 58196109
    },
    {
      "timestamp": 1758513600000,
      "open": 597.74,
      "high": 602.87,
      "low": 597.72,
      "close": 602.2,
      "volume": 57154769
    }
  ],
  "timestamp": 1762844586368,
  "ttl": 86400000
}