{
  "data": [
    {
      "timestamp": 1753675200000,
      "open": 14.045,
      "high": 14.07,
      "low": 13.7099,
      "close": 13.78,
      "volume": 22639657
    },
    {
      "timestamp": 1753761600000,
      "open": 13.77,
      "high": 13.83,
      "low": 13.055,
      "close": 13.06,
      "volume": 38882175
    },
    {
      "timestamp": 1753848000000,
      "open": 13.11,
      "high": 13.18,
      "low": 12.85,
      "close": 13.03,
      "volume": 37652064
    },
    {
      "timestamp": 1753934400000,
      "open": 12.995,
      "high": 13.13,
      "low": 12.8,
      "close": 12.87,
      "volume": 37911549
    },
    {
      "timestamp": 1754020800000,
      "open": 12.65,
      "high": 12.7,
      "low": 12.31,
      "close": 12.38,
      "volume": 42548424
    },
    {
      "timestamp": 1754280000000,
      "open": 12.56,
      "high": 12.84,
      "low": 12.35,
      "close": 12.41,
      "volume": 45497121
    },
    {
      "timestamp": 1754366400000,
      "open": 12.48,
      "high": 12.52,
      "low": 12.0622,
      "close": 12.15,
      "volume": 67997437
    },
    {
      "timestamp": 1754452800000,
      "open": 11.675,
      "high": 12.26,
      "low": 11.57,
      "close": 11.64,
      "volume": 67072690
    },
    {
      "timestamp": 1754539200000,
      "open": 11.77,
      "high": 12.19,
      "low": 11.715,
      "close": 12.07,
      "volume": 33230065
    },
    {
      "timestamp": 1754625600000,
      "open": 12.08,
      "high": 12.285,
      "low": 11.78,
      "close": 11.79,
      "volume": 31601229
    },
    {
      "timestamp": 1754884800000,
      "open": 11.88,
      "high": 12.33,
      "low": 11.83,
      "close": 11.93,
      "volume": 40349755
    },
    {
      "timestamp": 1754971200000,
      "open": 12.08,
      "high": 12.1049,
      "low": 11.58,
      "close": 11.97,
      "volume": 33627289
    },
    {
      "timestamp": 1755057600000,
      "open": 12,
      "high": 12.345,
      "low": 11.905,
      "close": 12.28,
      "volume": 25094785
    },
    {
      "timestamp": 1755144000000,
      "open": 12.065,
      "high": 12.21,
      "low": 11.79,
      "close": 12.06,
      "volume": 38053207
    },
    {
      "timestamp": 1755230400000,
      "open": 12.03,
      "high": 12.45,
      "low": 12.0101,
      "close": 12.24,
      "volume": 51961788
    },
    {
      "timestamp": 1755489600000,
      "open": 12.28,
      "high": 12.48,
      "low": 12.07,
      "close": 12.41,
      "volume": 38394354
    },
    {
      "timestamp": 1755576000000,
      "open": 12.45,
      "high": 12.5,
      "low": 12.07,
      "close": 12.25,
      "volume": 48701995
    },
    {
      "timestamp": 1755662400000,
      "open": 12.175,
      "high": 12.325,
      "low": 11.88,
      "close": 12.07,
      "volume": 45077378
    },
    {
      "timestamp": 1755748800000,
      "open": 12.04,
      "high": 12.15,
      "low": 11.84,
      "close": 12.12,
      "volume": 42736994
    },
    {
      "timestamp": 1755835200000,
      "open": 12.17,
      "high": 13.11,
      "low": 12.16,
      "close": 13.09,
      "volume": 64603119
    },
    {
      "timestamp": 1756094400000,
      "open": 13.05,
      "high": 13.49,
      "low": 12.91,
      "close": 13.11,
      "volume": 46841293
    }
  ],
  "timestamp": 1762844106285,
  "ttl": 86400000
}