{
  "data": [
    {
      "timestamp": 1752465600000,
      "open": 12.851,
      "high": 12.88,
      "low": 12.55,
      "close": 12.75,
      "volume": 28208291
    },
    {
      "timestamp": 1752552000000,
      "open": 12.8,
      "high": 13.03,
      "low": 12.62,
      "close": 12.63,
      "volume": 27878294
    },
    {
      "timestamp": 1752638400000,
      "open": 12.7,
      "high": 12.7,
      "low": 11.96,
      "close": 12.39,
      "volume": 41606489
    },
    {
      "timestamp": 1752724800000,
      "open": 12.74,
      "high": 13.49,
      "low": 12.69,
      "close": 12.9,
      "volume": 52110674
    },
    {
      "timestamp": 1752811200000,
      "open": 13.03,
      "high": 13.86,
      "low": 12.8,
      "close": 13.7,
      "volume": 48648434
    },
    {
      "timestamp": 1753070400000,
      "open": 13.915,
      "high": 14.15,
      "low": 13.62,
      "close": 13.7,
      "volume": 35626952
    },
    {
      "timestamp": 1753156800000,
      "open": 13.65,
      "high": 14.51,
      "low": 13.62,
      "close": 14.12,
      "volume": 45193450
    },
    {
      "timestamp": 1753243200000,
      "open": 14.21,
      "high": 14.24,
      "low": 13.77,
      "close": 14.02,
      "volume": 38372152
    },
    {
      "timestamp": 1753329600000,
      "open": 13.785,
      "high": 13.89,
      "low": 13.41,
      "close": 13.82,
      "volume": 39294617
    },
    {
      "timestamp": 1753416000000,
      "open": 13.89,
      "high": 14.47,
      "low": 13.8012,
      "close": 14.01,
      "volume": 51134471
    },
    {
      "timestamp": 1753675200000,
      "open": 14.045,
      "high": 14.07,
      "low": 13.7099,
      "close": 13.78,
      "volume": 22639657
    },
    {
      "timestamp": 1753761600000,
      "open": 13.77,
      "high": 13.83,
      "low": 13.055,
      "close": 13.06,
      "volume": 38882175
    },
    {
      "timestamp": 1753848000000,
      "open": 13.11,
      "high": 13.18,
      "low": 12.85,
      "close": 13.03,
      "volume": 37652064
    },
    {
      "timestamp": 1753934400000,
      "open": 12.995,
      "high": 13.13,
      "low": 12.8,
      "close": 12.87,
      "volume": 37911549
    },
    {
      "timestamp": 1754020800000,
      "open": 12.65,
      "high": 12.7,
      "low": 12.31,
      "close": 12.38,
      "volume": 42548424
    },
    {
      "timestamp": 1754280000000,
      "open": 12.56,
      "high": 12.84,
      "low": 12.35,
      "close": 12.41,
      "volume": 45497121
    },
    {
      "timestamp": 1754366400000,
      "open": 12.48,
      "high": 12.52,
      "low": 12.0622,
      "close": 12.15,
      "volume": 67997437
    },
    {
      "timestamp": 1754452800000,
      "open": 11.675,
      "high": 12.26,
      "low": 11.57,
      "close": 11.64,
      "volume": 67072690
    },
    {
      "timestamp": 1754539200000,
      "open": 11.77,
      "high": 12.19,
      "low": 11.715,
      "close": 12.07,
      "volume": 33230065
    },
    {
      "timestamp": 1754625600000,
      "open": 12.08,
      "high": 12.285,
      "low": 11.78,
      "close": 11.79,
      "volume": 31601229
    },
    {
      "timestamp": 1754884800000,
      "open": 11.88,
      "high": 12.33,
      "low": 11.83,
      "close": 11.93,
      "volume": 40349755
    }
  ],
  "timestamp": 1762843806240,
  "ttl": 86400000
}