{
  "data": [
    {
      "timestamp": 1754884800000,
      "open": 11.88,
      "high": 12.33,
      "low": 11.83,
      "close": 11.93,
      "volume": 40349755
    },
    {
      "timestamp": 1754971200000,
      "open": 12.08,
      "high": 12.1049,
      "low": 11.58,
      "close": 11.97,
      "volume": 33627289
    },
    {
      "timestamp": 1755057600000,
      "open": 12,
      "high": 12.345,
      "low": 11.905,
      "close": 12.28,
      "volume": 25094785
    },
    {
      "timestamp": 1755144000000,
      "open": 12.065,
      "high": 12.21,
      "low": 11.79,
      "close": 12.06,
      "volume": 38053207
    },
    {
      "timestamp": 1755230400000,
      "open": 12.03,
      "high": 12.45,
      "low": 12.0101,
      "close": 12.24,
      "volume": 51961788
    },
    {
      "timestamp": 1755489600000,
      "open": 12.28,
      "high": 12.48,
      "low": 12.07,
      "close": 12.41,
      "volume": 38394354
    },
    {
      "timestamp": 1755576000000,
      "open": 12.45,
      "high": 12.5,
      "low": 12.07,
      "close": 12.25,
      "volume": 48701995
    },
    {
      "timestamp": 1755662400000,
      "open": 12.175,
      "high": 12.325,
      "low": 11.88,
      "close": 12.07,
      "volume": 45077378
    },
    {
      "timestamp": 1755748800000,
      "open": 12.04,
      "high": 12.15,
      "low": 11.84,
      "close": 12.12,
      "volume": 42736994
    },
    {
      "timestamp": 1755835200000,
      "open": 12.17,
      "high": 13.11,
      "low": 12.16,
      "close": 13.09,
      "volume": 64603119
    },
    {
      "timestamp": 1756094400000,
      "open": 13.05,
      "high": 13.49,
      "low": 12.91,
      "close": 13.11,
      "volume": 46841293
    },
    {
      "timestamp": 1756180800000,
      "open": 13.11,
      "high": 13.26,
      "low": 12.84,
      "close": 13.21,
      "volume": 53099503
    },
    {
      "timestamp": 1756267200000,
      "open": 13.25,
      "high": 13.5,
      "low": 13.135,
      "close": 13.22,
      "volume": 38969763
    },
    {
      "timestamp": 1756353600000,
      "open": 13.34,
      "high": 13.66,
      "low": 13.09,
      "close": 13.64,
      "volume": 31625793
    },
    {
      "timestamp": 1756440000000,
      "open": 13.65,
      "high": 13.885,
      "low": 13.31,
      "close": 13.57,
      "volume": 39634061
    },
    {
      "timestamp": 1756785600000,
      "open": 13.3,
      "high": 13.95,
      "low": 12.98,
      "close": 13.87,
      "volume": 51257822
    },
    {
      "timestamp": 1756872000000,
      "open": 13.9,
      "high": 15.03,
      "low": 13.85,
      "close": 14.44,
      "volume": 77654664
    },
    {
      "timestamp": 1756958400000,
      "open": 14.36,
      "high": 14.37,
      "low": 13.38,
      "close": 13.7,
      "volume": 82734015
    },
    {
      "timestamp": 1757044800000,
      "open": 13.74,
      "high": 14.57,
      "low": 13.66,
      "close": 14.21,
      "volume": 87135062
    },
    {
      "timestamp": 1757304000000,
      "open": 14.235,
      "high": 14.325,
      "low": 13.82,
      "close": 13.99,
      "volume": 54560679
    },
    {
      "timestamp": 1757390400000,
      "open": 14,
      "high": 14.2,
      "low": 13.685,
      "close": 13.94,
      "volume": 30599723
    },
    {
      "timestamp": 1757476800000,
      "open": 13.94,
      "high": 14.27,
      "low": 13.7301,
      "close": 13.91,
      "volume": 32445355
    },
    {
      "timestamp": 1757563200000,
      "open": 13.97,
      "high": 14.63,
      "low": 13.95,
      "close": 13.97,
      "volume": 40471663
    },
    {
      "timestamp": 1757649600000,
      "open": 14,
      "high": 14.04,
      "low": 12.57,
      "close": 13.46,
      "volume": 67199606
    },
    {
      "timestamp": 1757908800000,
      "open": 13.63,
      "high": 13.77,
      "low": 13.38,
      "close": 13.6,
      "volume": 30818500
    }
  ],
  "timestamp": 1762843867198,
  "ttl": 86400000
}