{
  "data": [
    {
      "timestamp": 1753070400000,
      "open": 628.77,
      "high": 631.54,
      "low": 628.34,
      "close": 628.77,
      "volume": 63374984
    },
    {
      "timestamp": 1753156800000,
      "open": 629.1,
      "high": 629.73,
      "low": 626.19,
      "close": 628.86,
      "volume": 60046288
    },
    {
      "timestamp": 1753243200000,
      "open": 631.55,
      "high": 634.21,
      "low": 629.73,
      "close": 634.21,
      "volume": 70511036
    },
    {
      "timestamp": 1753329600000,
      "open": 634.6,
      "high": 636.15,
      "low": 633.99,
      "close": 634.42,
      "volume": 71307134
    },
    {
      "timestamp": 1753416000000,
      "open": 635.09,
      "high": 637.5799,
      "low": 634.84,
      "close": 637.1,
      "volume": 56865364
    },
    {
      "timestamp": 1753675200000,
      "open": 637.48,
      "high": 638.04,
      "low": 635.54,
      "close": 636.94,
      "volume": 54917102
    },
    {
      "timestamp": 1753761600000,
      "open": 638.35,
      "high": 638.67,
      "low": 634.335,
      "close": 635.26,
      "volume": 60556278
    },
    {
      "timestamp": 1753848000000,
      "open": 635.92,
      "high": 637.68,
      "low": 631.54,
      "close": 634.46,
      "volume": 80418851
    },
    {
      "timestamp": 1753934400000,
      "open": 639.455,
      "high": 639.85,
      "low": 630.765,
      "close": 632.08,
      "volume": 103385246
    },
    {
      "timestamp": 1754020800000,
      "open": 626.3,
      "high": 626.34,
      "low": 619.29,
      "close": 621.72,
      "volume": 140103572
    },
    {
      "timestamp": 1754280000000,
      "open": 625.67,
      "high": 631.215,
      "low": 625.58,
      "close": 631.17,
      "volume": 73218015
    },
    {
      "timestamp": 1754366400000,
      "open": 631.79,
      "high": 632.6052,
      "low": 627.04,
      "close": 627.97,
      "volume": 68051401
    },
    {
      "timestamp": 1754452800000,
      "open": 629.05,
      "high": 633.44,
      "low": 628.13,
      "close": 632.78,
      "volume": 64357525
    },
    {
      "timestamp": 1754539200000,
      "open": 636.24,
      "high": 636.98,
      "low": 629.11,
      "close": 632.25,
      "volume": 74205791
    },
    {
      "timestamp": 1754625600000,
      "open": 634.06,
      "high": 637.645,
      "low": 633.74,
      "close": 637.18,
      "volume": 64051626
    },
    {
      "timestamp": 1754884800000,
      "open": 637.46,
      "high": 638.95,
      "low": 634.66,
      "close": 635.92,
      "volume": 58742300
    },
    {
      "timestamp": 1754971200000,
      "open": 638.29,
      "high": 642.85,
      "low": 636.79,
      "close": 642.69,
      "volume": 64821798
    },
    {
      "timestamp": 1755057600000,
      "open": 644.91,
      "high": 646.19,
      "low": 642.68,
      "close": 644.89,
      "volume": 60092790
    },
    {
      "timestamp": 1755144000000,
      "open": 642.79,
      "high": 645.62,
      "low": 642.34,
      "close": 644.95,
      "volume": 59327466
    },
    {
      "timestamp": 1755230400000,
      "open": 645.99,
      "high": 646.09,
      "low": 642.5153,
      "close": 643.44,
      "volume": 68592507
    },
    {
      "timestamp": 1755489600000,
      "open": 642.86,
      "high": 644,
      "low": 642.18,
      "close": 643.3,
      "volume": 43804914
    }
  ],
  "timestamp": 1762843869102,
  "ttl": 86400000
}