{
  "data": [
    {
      "timestamp": 1756094400000,
      "open": 644.04,
      "high": 645.29,
      "low": 642.35,
      "close": 642.47,
      "volume": 51274332
    },
    {
      "timestamp": 1756180800000,
      "open": 642.2,
      "high": 645.51,
      "low": 641.57,
      "close": 645.16,
      "volume": 51581565
    },
    {
      "timestamp": 1756267200000,
      "open": 644.57,
      "high": 647.37,
      "low": 644.42,
      "close": 646.63,
      "volume": 48341069
    },
    {
      "timestamp": 1756353600000,
      "open": 647.24,
      "high": 649.48,
      "low": 645.34,
      "close": 648.92,
      "volume": 61519461
    },
    {
      "timestamp": 1756440000000,
      "open": 647.47,
      "high": 647.84,
      "low": 643.14,
      "close": 645.05,
      "volume": 74522192
    },
    {
      "timestamp": 1756785600000,
      "open": 637.5,
      "high": 640.49,
      "low": 634.92,
      "close": 640.27,
      "volume": 81983545
    },
    {
      "timestamp": 1756872000000,
      "open": 642.67,
      "high": 644.21,
      "low": 640.46,
      "close": 643.74,
      "volume": 70820898
    },
    {
      "timestamp": 1756958400000,
      "open": 644.42,
      "high": 649.15,
      "low": 643.51,
      "close": 649.12,
      "volume": 65219228
    },
    {
      "timestamp": 1757044800000,
      "open": 651.48,
      "high": 652.21,
      "low": 643.33,
      "close": 647.24,
      "volume": 85178935
    },
    {
      "timestamp": 1757304000000,
      "open": 648.62,
      "high": 649.84,
      "low": 647.23,
      "close": 648.83,
      "volume": 63133104
    },
    {
      "timestamp": 1757390400000,
      "open": 648.97,
      "high": 650.86,
      "low": 647.22,
      "close": 650.33,
      "volume": 66133856
    },
    {
      "timestamp": 1757476800000,
      "open": 653.62,
      "high": 654.55,
      "low": 650.63,
      "close": 652.21,
      "volume": 78034529
    },
    {
      "timestamp": 1757563200000,
      "open": 654.18,
      "high": 658.33,
      "low": 653.59,
      "close": 657.63,
      "volume": 69934360
    },
    {
      "timestamp": 1757649600000,
      "open": 657.6,
      "high": 659.11,
      "low": 656.9,
      "close": 657.41,
      "volume": 72780135
    },
    {
      "timestamp": 1757908800000,
      "open": 659.64,
      "high": 661.04,
      "low": 659.34,
      "close": 660.91,
      "volume": 63772412
    },
    {
      "timestamp": 1757995200000,
      "open": 661.47,
      "high": 661.78,
      "low": 659.21,
      "close": 660,
      "volume": 61168953
    },
    {
      "timestamp": 1758081600000,
      "open": 660.01,
      "high": 661.72,
      "low": 654.3,
      "close": 659.18,
      "volume": 101952244
    },
    {
      "timestamp": 1758168000000,
      "open": 661.89,
      "high": 664.89,
      "low": 660.27,
      "close": 662.26,
      "volume": 90459242
    },
    {
      "timestamp": 1758254400000,
      "open": 662.33,
      "high": 664.55,
      "low": 660.37,
      "close": 663.7,
      "volume": 97945620
    },
    {
      "timestamp": 1758513600000,
      "open": 662.2,
      "high": 667.29,
      "low": 662.17,
      "close": 666.84,
      "volume": 69452201
    }
  ],
  "timestamp": 1762844586305,
  "ttl": 86400000
}