{
  "data": [
    {
      "timestamp": 1754280000000,
      "open": 625.67,
      "high": 631.215,
      "low": 625.58,
      "close": 631.17,
      "volume": 73218015
    },
    {
      "timestamp": 1754366400000,
      "open": 631.79,
      "high": 632.6052,
      "low": 627.04,
      "close": 627.97,
      "volume": 68051401
    },
    {
      "timestamp": 1754452800000,
      "open": 629.05,
      "high": 633.44,
      "low": 628.13,
      "close": 632.78,
      "volume": 64357525
    },
    {
      "timestamp": 1754539200000,
      "open": 636.24,
      "high": 636.98,
      "low": 629.11,
      "close": 632.25,
      "volume": 74205791
    },
    {
      "timestamp": 1754625600000,
      "open": 634.06,
      "high": 637.645,
      "low": 633.74,
      "close": 637.18,
      "volume": 64051626
    },
    {
      "timestamp": 1754884800000,
      "open": 637.46,
      "high": 638.95,
      "low": 634.66,
      "close": 635.92,
      "volume": 58742300
    },
    {
      "timestamp": 1754971200000,
      "open": 638.29,
      "high": 642.85,
      "low": 636.79,
      "close": 642.69,
      "volume": 64821798
    },
    {
      "timestamp": 1755057600000,
      "open": 644.91,
      "high": 646.19,
      "low": 642.68,
      "close": 644.89,
      "volume": 60092790
    },
    {
      "timestamp": 1755144000000,
      "open": 642.79,
      "high": 645.62,
      "low": 642.34,
      "close": 644.95,
      "volume": 59327466
    },
    {
      "timestamp": 1755230400000,
      "open": 645.99,
      "high": 646.09,
      "low": 642.5153,
      "close": 643.44,
      "volume": 68592507
    },
    {
      "timestamp": 1755489600000,
      "open": 642.86,
      "high": 644,
      "low": 642.18,
      "close": 643.3,
      "volume": 43804914
    },
    {
      "timestamp": 1755576000000,
      "open": 643.12,
      "high": 644.105,
      "low": 638.48,
      "close": 639.81,
      "volume": 69750731
    },
    {
      "timestamp": 1755662400000,
      "open": 639.4,
      "high": 639.66,
      "low": 632.95,
      "close": 638.11,
      "volume": 88890298
    },
    {
      "timestamp": 1755748800000,
      "open": 636.28,
      "high": 637.97,
      "low": 633.81,
      "close": 635.55,
      "volume": 54805775
    },
    {
      "timestamp": 1755835200000,
      "open": 637.76,
      "high": 646.5,
      "low": 637.25,
      "close": 645.31,
      "volume": 84083214
    },
    {
      "timestamp": 1756094400000,
      "open": 644.04,
      "high": 645.29,
      "low": 642.35,
      "close": 642.47,
      "volume": 51274332
    },
    {
      "timestamp": 1756180800000,
      "open": 642.2,
      "high": 645.51,
      "low": 641.57,
      "close": 645.16,
      "volume": 51581565
    },
    {
      "timestamp": 1756267200000,
      "open": 644.57,
      "high": 647.37,
      "low": 644.42,
      "close": 646.63,
      "volume": 48341069
    },
    {
      "timestamp": 1756353600000,
      "open": 647.24,
      "high": 649.48,
      "low": 645.34,
      "close": 648.92,
      "volume": 61519461
    },
    {
      "timestamp": 1756440000000,
      "open": 647.47,
      "high": 647.84,
      "low": 643.14,
      "close": 645.05,
      "volume": 74522192
    }
  ],
  "timestamp": 1762844167135,
  "ttl": 86400000
}