{
  "data": [
    {
      "timestamp": 1758513600000,
      "open": 662.2,
      "high": 667.29,
      "low": 662.17,
      "close": 666.84,
      "volume": 69452201
    },
    {
      "timestamp": 1758600000000,
      "open": 666.72,
      "high": 667.34,
      "low": 661.98,
      "close": 663.21,
      "volume": 81708872
    },
    {
      "timestamp": 1758686400000,
      "open": 664.51,
      "high": 664.61,
      "low": 659.67,
      "close": 661.1,
      "volume": 68082229
    },
    {
      "timestamp": 1758772800000,
      "open": 657.94,
      "high": 659.4056,
      "low": 654.405,
      "close": 658.05,
      "volume": 89622067
    },
    {
      "timestamp": 1758859200000,
      "open": 659.51,
      "high": 662.37,
      "low": 657.88,
      "close": 661.82,
      "volume": 69179209
    },
    {
      "timestamp": 1759118400000,
      "open": 664.36,
      "high": 665.28,
      "low": 661.86,
      "close": 663.68,
      "volume": 73499015
    },
    {
      "timestamp": 1759204800000,
      "open": 662.93,
      "high": 666.65,
      "low": 661.61,
      "close": 666.18,
      "volume": 86288028
    },
    {
      "timestamp": 1759291200000,
      "open": 663.17,
      "high": 669.37,
      "low": 663.06,
      "close": 668.45,
      "volume": 72545369
    },
    {
      "timestamp": 1759377600000,
      "open": 670.45,
      "high": 670.565,
      "low": 666.78,
      "close": 669.22,
      "volume": 56895993
    },
    {
      "timestamp": 1759464000000,
      "open": 669.99,
      "high": 672.675,
      "low": 668.16,
      "close": 669.21,
      "volume": 70494350
    },
    {
      "timestamp": 1759723200000,
      "open": 671.62,
      "high": 672.51,
      "low": 669.455,
      "close": 671.61,
      "volume": 54623260
    },
    {
      "timestamp": 1759809600000,
      "open": 672.54,
      "high": 672.99,
      "low": 667.67,
      "close": 669.12,
      "volume": 72020067
    },
    {
      "timestamp": 1759896000000,
      "open": 670.25,
      "high": 673.2056,
      "low": 669.42,
      "close": 673.11,
      "volume": 60702241
    },
    {
      "timestamp": 1759982400000,
      "open": 673.53,
      "high": 673.94,
      "low": 669.21,
      "close": 671.16,
      "volume": 66501941
    },
    {
      "timestamp": 1760068800000,
      "open": 672.13,
      "high": 673.95,
      "low": 652.84,
      "close": 653.02,
      "volume": 159422589
    },
    {
      "timestamp": 1760328000000,
      "open": 660.65,
      "high": 665.13,
      "low": 659.7679,
      "close": 663.04,
      "volume": 79560517
    },
    {
      "timestamp": 1760414400000,
      "open": 657.17,
      "high": 665.83,
      "low": 653.17,
      "close": 662.23,
      "volume": 88779560
    },
    {
      "timestamp": 1760500800000,
      "open": 666.82,
      "high": 670.23,
      "low": 658.93,
      "close": 665.17,
      "volume": 81702555
    },
    {
      "timestamp": 1760587200000,
      "open": 666.82,
      "high": 668.71,
      "low": 657.11,
      "close": 660.64,
      "volume": 110563346
    },
    {
      "timestamp": 1760673600000,
      "open": 659.5,
      "high": 665.755,
      "low": 658.14,
      "close": 664.39,
      "volume": 96500870
    },
    {
      "timestamp": 1760932800000,
      "open": 667.32,
      "high": 672.21,
      "low": 667.27,
      "close": 671.3,
      "volume": 60492650
    },
    {
      "timestamp": 1761019200000,
      "open": 671.44,
      "high": 672.99,
      "low": 669.981,
      "close": 671.29,
      "volume": 56249034
    },
    {
      "timestamp": 1761105600000,
      "open": 672,
      "high": 672,
      "low": 663.3,
      "close": 667.8,
      "volume": 80564006
    },
    {
      "timestamp": 1761192000000,
      "open": 668.12,
      "high": 672.7101,
      "low": 667.8,
      "close": 671.76,
      "volume": 65604461
    },
    {
      "timestamp": 1761278400000,
      "open": 676.46,
      "high": 678.47,
      "low": 675.65,
      "close": 677.25,
      "volume": 74356527
    },
    {
      "timestamp": 1761537600000,
      "open": 682.73,
      "high": 685.54,
      "low": 682.115,
      "close": 685.24,
      "volume": 63293828
    }
  ],
  "timestamp": 1762844649258,
  "ttl": 86400000
}