{
  "data": [
    {
      "timestamp": 1757908800000,
      "open": 423.13,
      "high": 425.7,
      "low": 402.43,
      "close": 410.04,
      "volume": 163823667
    },
    {
      "timestamp": 1757995200000,
      "open": 414.495,
      "high": 423.25,
      "low": 411.43,
      "close": 421.62,
      "volume": 104285721
    },
    {
      "timestamp": 1758081600000,
      "open": 415.75,
      "high": 428.312095,
      "low": 409.67,
      "close": 425.86,
      "volume": 106133532
    },
    {
      "timestamp": 1758168000000,
      "open": 428.865,
      "high": 432.2199,
      "low": 416.56,
      "close": 416.85,
      "volume": 90454509
    },
    {
      "timestamp": 1758254400000,
      "open": 421.82,
      "high": 429.47,
      "low": 421.72,
      "close": 426.07,
      "volume": 93131034
    },
    {
      "timestamp": 1758513600000,
      "open": 431.11,
      "high": 444.98,
      "low": 429.13,
      "close": 434.21,
      "volume": 97108777
    },
    {
      "timestamp": 1758600000000,
      "open": 439.88,
      "high": 440.97,
      "low": 423.72,
      "close": 425.85,
      "volume": 83422691
    },
    {
      "timestamp": 1758686400000,
      "open": 429.83,
      "high": 444.21,
      "low": 429.0301,
      "close": 442.79,
      "volume": 93133570
    },
    {
      "timestamp": 1758772800000,
      "open": 435.24,
      "high": 435.35,
      "low": 419.08,
      "close": 423.39,
      "volume": 96746426
    },
    {
      "timestamp": 1758859200000,
      "open": 428.3,
      "high": 440.47,
      "low": 421.02,
      "close": 440.4,
      "volume": 101628160
    },
    {
      "timestamp": 1759118400000,
      "open": 444.35,
      "high": 450.98,
      "low": 439.5,
      "close": 443.21,
      "volume": 79491510
    },
    {
      "timestamp": 1759204800000,
      "open": 441.52,
      "high": 445,
      "low": 433.12,
      "close": 444.72,
      "volume": 74357960
    },
    {
      "timestamp": 1759291200000,
      "open": 443.8,
      "high": 462.29,
      "low": 440.75,
      "close": 459.46,
      "volume": 98122285
    },
    {
      "timestamp": 1759377600000,
      "open": 470.54,
      "high": 470.75,
      "low": 435.57,
      "close": 436,
      "volume": 137008950
    },
    {
      "timestamp": 1759464000000,
      "open": 443.285,
      "high": 446.77,
      "low": 416.575,
      "close": 429.83,
      "volume": 133188180
    },
    {
      "timestamp": 1759723200000,
      "open": 440.75,
      "high": 453.55,
      "low": 436.69,
      "close": 453.25,
      "volume": 85324878
    },
    {
      "timestamp": 1759809600000,
      "open": 447.82,
      "high": 452.68,
      "low": 432.4501,
      "close": 433.09,
      "volume": 102296082
    },
    {
      "timestamp": 1759896000000,
      "open": 437.57,
      "high": 441.33,
      "low": 425.23,
      "close": 438.69,
      "volume": 71192128
    },
    {
      "timestamp": 1759982400000,
      "open": 431.81,
      "high": 436.35,
      "low": 426.18,
      "close": 435.54,
      "volume": 69339928
    },
    {
      "timestamp": 1760068800000,
      "open": 436.54,
      "high": 443.13,
      "low": 411.45,
      "close": 413.49,
      "volume": 112107870
    },
    {
      "timestamp": 1760328000000,
      "open": 423.53,
      "high": 436.89,
      "low": 419.7,
      "close": 435.9,
      "volume": 79552785
    },
    {
      "timestamp": 1760414400000,
      "open": 426.79,
      "high": 434.2,
      "low": 417.86,
      "close": 429.24,
      "volume": 72669438
    },
    {
      "timestamp": 1760500800000,
      "open": 434.9,
      "high": 440.51,
      "low": 426.3301,
      "close": 435.15,
      "volume": 71558185
    },
    {
      "timestamp": 1760587200000,
      "open": 434.73,
      "high": 439.35,
      "low": 421.3101,
      "close": 428.75,
      "volume": 77189889
    },
    {
      "timestamp": 1760673600000,
      "open": 425.5,
      "high": 441.4558,
      "low": 423.6,
      "close": 439.31,
      "volume": 89331578
    },
    {
      "timestamp": 1760932800000,
      "open": 443.865,
      "high": 449.8,
      "low": 440.61,
      "close": 447.43,
      "volume": 63650560
    }
  ],
  "timestamp": 1762844584307,
  "ttl": 86400000
}