{
  "data": [
    {
      "timestamp": 1755489600000,
      "open": 329.62,
      "high": 336.27,
      "low": 329.59,
      "close": 335.16,
      "volume": 56956552
    },
    {
      "timestamp": 1755576000000,
      "open": 335.79,
      "high": 340.55,
      "low": 327.85,
      "close": 329.31,
      "volume": 75956002
    },
    {
      "timestamp": 1755662400000,
      "open": 329.22,
      "high": 331.37,
      "low": 314.6,
      "close": 323.9,
      "volume": 77481768
    },
    {
      "timestamp": 1755748800000,
      "open": 322.08,
      "high": 324.9,
      "low": 318.68,
      "close": 320.11,
      "volume": 55744445
    },
    {
      "timestamp": 1755835200000,
      "open": 321.66,
      "high": 340.25,
      "low": 319.69,
      "close": 340.01,
      "volume": 94016347
    },
    {
      "timestamp": 1756094400000,
      "open": 338.9,
      "high": 349.53,
      "low": 335.03,
      "close": 346.6,
      "volume": 86670037
    },
    {
      "timestamp": 1756180800000,
      "open": 344.93,
      "high": 351.9,
      "low": 343.72,
      "close": 351.67,
      "volume": 76651550
    },
    {
      "timestamp": 1756267200000,
      "open": 351.94,
      "high": 355.39,
      "low": 349.156,
      "close": 349.6,
      "volume": 65519012
    },
    {
      "timestamp": 1756353600000,
      "open": 350.91,
      "high": 353.55,
      "low": 340.26,
      "close": 345.98,
      "volume": 67903224
    },
    {
      "timestamp": 1756440000000,
      "open": 347.23,
      "high": 348.7499,
      "low": 331.7,
      "close": 333.87,
      "volume": 81145660
    },
    {
      "timestamp": 1756785600000,
      "open": 328.23,
      "high": 333.33,
      "low": 325.6,
      "close": 329.36,
      "volume": 58391952
    },
    {
      "timestamp": 1756872000000,
      "open": 335.2,
      "high": 343.33,
      "low": 328.51,
      "close": 334.09,
      "volume": 88733288
    },
    {
      "timestamp": 1756958400000,
      "open": 336.15,
      "high": 338.89,
      "low": 331.48,
      "close": 338.53,
      "volume": 60711033
    },
    {
      "timestamp": 1757044800000,
      "open": 348,
      "high": 355.87,
      "low": 344.6801,
      "close": 350.84,
      "volume": 108989785
    },
    {
      "timestamp": 1757304000000,
      "open": 354.64,
      "high": 358.44,
      "low": 344.84,
      "close": 346.4,
      "volume": 75208290
    },
    {
      "timestamp": 1757390400000,
      "open": 348.44,
      "high": 350.77,
      "low": 343.82,
      "close": 346.97,
      "volume": 53815991
    },
    {
      "timestamp": 1757476800000,
      "open": 350.55,
      "high": 356.33,
      "low": 346.07,
      "close": 347.79,
      "volume": 72121679
    },
    {
      "timestamp": 1757563200000,
      "open": 350.17,
      "high": 368.99,
      "low": 347.6,
      "close": 368.81,
      "volume": 103756010
    },
    {
      "timestamp": 1757649600000,
      "open": 370.94,
      "high": 396.6899,
      "low": 370.24,
      "close": 395.94,
      "volume": 168156391
    },
    {
      "timestamp": 1757908800000,
      "open": 423.13,
      "high": 425.7,
      "low": 402.43,
      "close": 410.04,
      "volume": 163823667
    }
  ],
  "timestamp": 1762844582243,
  "ttl": 86400000
}