{
  "data": [
    {
      "timestamp": 1717387200000,
      "open": 178.13,
      "high": 182.6389,
      "low": 174.49,
      "close": 176.29,
      "volume": 68568920
    },
    {
      "timestamp": 1717473600000,
      "open": 174.775,
      "high": 177.755,
      "low": 174,
      "close": 174.77,
      "volume": 60056340
    },
    {
      "timestamp": 1717560000000,
      "open": 175.35,
      "high": 176.15,
      "low": 172.13,
      "close": 175,
      "volume": 57953756
    },
    {
      "timestamp": 1717646400000,
      "open": 174.6,
      "high": 179.73,
      "low": 172.73,
      "close": 177.94,
      "volume": 69887024
    },
    {
      "timestamp": 1717732800000,
      "open": 176.13,
      "high": 179.35,
      "low": 175.58,
      "close": 177.48,
      "volume": 56244932
    },
    {
      "timestamp": 1717992000000,
      "open": 176.06,
      "high": 178.57,
      "low": 173.17,
      "close": 173.79,
      "volume": 50869682
    },
    {
      "timestamp": 1718078400000,
      "open": 173.92,
      "high": 174.75,
      "low": 167.41,
      "close": 170.66,
      "volume": 64761928
    },
    {
      "timestamp": 1718164800000,
      "open": 171.12,
      "high": 180.55,
      "low": 169.8,
      "close": 177.29,
      "volume": 90389446
    },
    {
      "timestamp": 1718251200000,
      "open": 188.39,
      "high": 191.08,
      "low": 181.23,
      "close": 182.47,
      "volume": 118984122
    },
    {
      "timestamp": 1718337600000,
      "open": 185.8,
      "high": 186,
      "low": 176.92,
      "close": 178.01,
      "volume": 82038194
    },
    {
      "timestamp": 1718596800000,
      "open": 177.92,
      "high": 188.81,
      "low": 177,
      "close": 187.44,
      "volume": 109786083
    },
    {
      "timestamp": 1718683200000,
      "open": 186.56,
      "high": 187.2,
      "low": 182.37,
      "close": 184.86,
      "volume": 68982265
    },
    {
      "timestamp": 1718856000000,
      "open": 184.68,
      "high": 185.21,
      "low": 179.66,
      "close": 181.57,
      "volume": 55893139
    },
    {
      "timestamp": 1718942400000,
      "open": 182.3,
      "high": 183.95,
      "low": 180.69,
      "close": 183.01,
      "volume": 63029482
    },
    {
      "timestamp": 1719201600000,
      "open": 184.97,
      "high": 188.8,
      "low": 182.55,
      "close": 182.58,
      "volume": 61992070
    },
    {
      "timestamp": 1719288000000,
      "open": 184.4,
      "high": 187.97,
      "low": 182.01,
      "close": 187.35,
      "volume": 63678265
    },
    {
      "timestamp": 1719374400000,
      "open": 186.54,
      "high": 197.755,
      "low": 186.36,
      "close": 196.37,
      "volume": 95737066
    },
    {
      "timestamp": 1719460800000,
      "open": 195.17,
      "high": 198.72,
      "low": 194.05,
      "close": 197.42,
      "volume": 72746521
    },
    {
      "timestamp": 1719547200000,
      "open": 199.55,
      "high": 203.2,
      "low": 195.26,
      "close": 197.88,
      "volume": 95438068
    },
    {
      "timestamp": 1719806400000,
      "open": 201.02,
      "high": 213.23,
      "low": 200.85,
      "close": 209.86,
      "volume": 135691395
    },
    {
      "timestamp": 1719892800000,
      "open": 218.89,
      "high": 231.3,
      "low": 218.06,
      "close": 231.26,
      "volume": 205047920
    },
    {
      "timestamp": 1719979200000,
      "open": 234.56,
      "high": 248.35,
      "low": 234.25,
      "close": 246.39,
      "volume": 166561471
    },
    {
      "timestamp": 1720152000000,
      "open": 249.81,
      "high": 252.37,
      "low": 242.4601,
      "close": 251.52,
      "volume": 154501152
    },
    {
      "timestamp": 1720411200000,
      "open": 247.71,
      "high": 259.439,
      "low": 244.57,
      "close": 252.94,
      "volume": 157219580
    },
    {
      "timestamp": 1720497600000,
      "open": 251,
      "high": 265.61,
      "low": 250.3,
      "close": 262.33,
      "volume": 160742516
    },
    {
      "timestamp": 1720584000000,
      "open": 262.8,
      "high": 267.59,
      "low": 257.86,
      "close": 263.26,
      "volume": 128519430
    },
    {
      "timestamp": 1720670400000,
      "open": 263.3,
      "high": 271,
      "low": 239.65,
      "close": 241.03,
      "volume": 221707273
    },
    {
      "timestamp": 1720756800000,
      "open": 235.8,
      "high": 251.84,
      "low": 233.0912,
      "close": 248.23,
      "volume": 155955773
    },
    {
      "timestamp": 1721016000000,
      "open": 255.97,
      "high": 265.6,
      "low": 251.73,
      "close": 252.64,
      "volume": 146912920
    },
    {
      "timestamp": 1721102400000,
      "open": 255.31,
      "high": 258.62,
      "low": 245.8001,
      "close": 256.56,
      "volume": 126332470
    },
    {
      "timestamp": 1721188800000,
      "open": 252.73,
      "high": 258.47,
      "low": 246.182,
      "close": 248.5,
      "volume": 115584810
    },
    {
      "timestamp": 1721275200000,
      "open": 251.09,
      "high": 257.14,
      "low": 247.2,
      "close": 249.23,
      "volume": 110869037
    },
    {
      "timestamp": 1721361600000,
      "open": 247.79,
      "high": 249.44,
      "low": 236.83,
      "close": 239.2,
      "volume": 87403903
    },
    {
      "timestamp": 1721620800000,
      "open": 244.21,
      "high": 253.21,
      "low": 243.75,
      "close": 251.51,
      "volume": 101225430
    },
    {
      "timestamp": 1721707200000,
      "open": 253.6,
      "high": 255.7594,
      "low": 245.63,
      "close": 246.38,
      "volume": 111928192
    },
    {
      "timestamp": 1721793600000,
      "open": 225.42,
      "high": 225.99,
      "low": 214.71,
      "close": 215.99,
      "volume": 167942939
    },
    {
      "timestamp": 1721880000000,
      "open": 216.8,
      "high": 226,
      "low": 216.231,
      "close": 220.25,
      "volume": 100636466
    },
    {
      "timestamp": 1721966400000,
      "open": 221.19,
      "high": 222.2799,
      "low": 215.33,
      "close": 219.8,
      "volume": 94604145
    },
    {
      "timestamp": 1722225600000,
      "open": 224.9,
      "high": 234.27,
      "low": 224.7,
      "close": 232.1,
      "volume": 129201789
    },
    {
      "timestamp": 1722312000000,
      "open": 232.25,
      "high": 232.41,
      "low": 220,
      "close": 222.62,
      "volume": 100560334
    },
    {
      "timestamp": 1722398400000,
      "open": 227.9,
      "high": 234.68,
      "low": 226.7875,
      "close": 232.07,
      "volume": 67497011
    },
    {
      "timestamp": 1722484800000,
      "open": 227.69,
      "high": 231.867,
      "low": 214.3328,
      "close": 216.86,
      "volume": 83861898
    },
    {
      "timestamp": 1722571200000,
      "open": 214.88,
      "high": 216.13,
      "low": 205.78,
      "close": 207.67,
      "volume": 82880120
    },
    {
      "timestamp": 1722830400000,
      "open": 185.22,
      "high": 203.8799,
      "low": 182,
      "close": 198.88,
      "volume": 100308836
    },
    {
      "timestamp": 1722916800000,
      "open": 200.75,
      "high": 202.9,
      "low": 192.67,
      "close": 200.64,
      "volume": 73783942
    },
    {
      "timestamp": 1723003200000,
      "open": 200.77,
      "high": 203.49,
      "low": 191.48,
      "close": 191.76,
      "volume": 71159778
    },
    {
      "timestamp": 1723089600000,
      "open": 195.7,
      "high": 200.7,
      "low": 192.04,
      "close": 198.84,
      "volume": 65033874
    },
    {
      "timestamp": 1723176000000,
      "open": 197.05,
      "high": 200.88,
      "low": 195.11,
      "close": 200,
      "volume": 58648274
    },
    {
      "timestamp": 1723435200000,
      "open": 199.02,
      "high": 199.26,
      "low": 194.67,
      "close": 197.49,
      "volume": 64044903
    },
    {
      "timestamp": 1723521600000,
      "open": 198.47,
      "high": 208.49,
      "low": 197.06,
      "close": 207.83,
      "volume": 76247387
    },
    {
      "timestamp": 1723608000000,
      "open": 207.39,
      "high": 208.44,
      "low": 198.75,
      "close": 201.38,
      "volume": 70250014
    },
    {
      "timestamp": 1723694400000,
      "open": 205.02,
      "high": 215.88,
      "low": 204.82,
      "close": 214.14,
      "volume": 89848530
    },
    {
      "timestamp": 1723780800000,
      "open": 211.15,
      "high": 219.8,
      "low": 210.8,
      "close": 216.12,
      "volume": 88765122
    },
    {
      "timestamp": 1724040000000,
      "open": 217.07,
      "high": 222.98,
      "low": 214.09,
      "close": 222.72,
      "volume": 76435222
    },
    {
      "timestamp": 1724126400000,
      "open": 224.88,
      "high": 228.22,
      "low": 219.56,
      "close": 221.1,
      "volume": 74001182
    },
    {
      "timestamp": 1724212800000,
      "open": 222.67,
      "high": 224.6594,
      "low": 218.86,
      "close": 223.27,
      "volume": 70145964
    },
    {
      "timestamp": 1724299200000,
      "open": 223.82,
      "high": 224.8,
      "low": 210.32,
      "close": 210.66,
      "volume": 79514482
    },
    {
      "timestamp": 1724385600000,
      "open": 214.455,
      "high": 221.48,
      "low": 214.21,
      "close": 220.32,
      "volume": 81525207
    },
    {
      "timestamp": 1724644800000,
      "open": 218.75,
      "high": 219.09,
      "low": 211.01,
      "close": 213.21,
      "volume": 59301187
    },
    {
      "timestamp": 1724731200000,
      "open": 213.25,
      "high": 215.66,
      "low": 206.94,
      "close": 209.21,
      "volume": 62821390
    },
    {
      "timestamp": 1724817600000,
      "open": 209.72,
      "high": 211.84,
      "low": 202.59,
      "close": 205.75,
      "volume": 64116350
    },
    {
      "timestamp": 1724904000000,
      "open": 209.8,
      "high": 214.89,
      "low": 205.97,
      "close": 206.28,
      "volume": 62308818
    },
    {
      "timestamp": 1724990400000,
      "open": 208.63,
      "high": 214.5701,
      "low": 207.03,
      "close": 214.11,
      "volume": 63370608
    },
    {
      "timestamp": 1725336000000,
      "open": 215.26,
      "high": 219.9043,
      "low": 209.64,
      "close": 210.6,
      "volume": 76714222
    },
    {
      "timestamp": 1725422400000,
      "open": 210.59,
      "high": 222.22,
      "low": 210.57,
      "close": 219.41,
      "volume": 80651767
    },
    {
      "timestamp": 1725508800000,
      "open": 223.49,
      "high": 235,
      "low": 222.25,
      "close": 230.17,
      "volume": 119355013
    },
    {
      "timestamp": 1725595200000,
      "open": 232.6,
      "high": 233.6,
      "low": 210.51,
      "close": 210.73,
      "volume": 112177004
    },
    {
      "timestamp": 1725854400000,
      "open": 216.2,
      "high": 219.87,
      "low": 213.67,
      "close": 216.27,
      "volume": 67443518
    },
    {
      "timestamp": 1725940800000,
      "open": 220.07,
      "high": 226.4,
      "low": 218.6377,
      "close": 226.17,
      "volume": 78891136
    },
    {
      "timestamp": 1726027200000,
      "open": 224.55,
      "high": 228.47,
      "low": 216.8003,
      "close": 228.13,
      "volume": 83548633
    },
    {
      "timestamp": 1726113600000,
      "open": 224.66,
      "high": 231.45,
      "low": 223.83,
      "close": 229.81,
      "volume": 72020042
    },
    {
      "timestamp": 1726200000000,
      "open": 228,
      "high": 232.67,
      "low": 226.32,
      "close": 230.29,
      "volume": 59515114
    },
    {
      "timestamp": 1726459200000,
      "open": 229.3,
      "high": 229.96,
      "low": 223.53,
      "close": 226.78,
      "volume": 54322995
    },
    {
      "timestamp": 1726545600000,
      "open": 229.45,
      "high": 234.57,
      "low": 226.5533,
      "close": 227.87,
      "volume": 66761636
    },
    {
      "timestamp": 1726632000000,
      "open": 230.09,
      "high": 235.68,
      "low": 226.88,
      "close": 227.2,
      "volume": 78010204
    },
    {
      "timestamp": 1726718400000,
      "open": 234,
      "high": 244.24,
      "low": 232.13,
      "close": 243.92,
      "volume": 102694576
    },
    {
      "timestamp": 1726804800000,
      "open": 241.52,
      "high": 243.99,
      "low": 235.92,
      "close": 238.25,
      "volume": 99879070
    },
    {
      "timestamp": 1727064000000,
      "open": 242.61,
      "high": 250,
      "low": 241.92,
      "close": 250,
      "volume": 86927194
    },
    {
      "timestamp": 1727150400000,
      "open": 254.08,
      "high": 257.19,
      "low": 249.0501,
      "close": 254.27,
      "volume": 88490999
    },
    {
      "timestamp": 1727236800000,
      "open": 252.54,
      "high": 257.05,
      "low": 252.28,
      "close": 257.02,
      "volume": 65034318
    },
    {
      "timestamp": 1727323200000,
      "open": 260.6,
      "high": 261.75,
      "low": 251.53,
      "close": 254.22,
      "volume": 67142193
    },
    {
      "timestamp": 1727409600000,
      "open": 257.375,
      "high": 260.6999,
      "low": 254.12,
      "close": 260.46,
      "volume": 70988067
    },
    {
      "timestamp": 1727668800000,
      "open": 259.04,
      "high": 264.86,
      "low": 255.77,
      "close": 261.63,
      "volume": 80873381
    },
    {
      "timestamp": 1727755200000,
      "open": 262.67,
      "high": 263.98,
      "low": 248.53,
      "close": 258.02,
      "volume": 87397613
    },
    {
      "timestamp": 1727841600000,
      "open": 247.55,
      "high": 251.1585,
      "low": 241.5,
      "close": 249.02,
      "volume": 93983930
    },
    {
      "timestamp": 1727928000000,
      "open": 244.48,
      "high": 249.79,
      "low": 237.81,
      "close": 240.66,
      "volume": 80729240
    },
    {
      "timestamp": 1728014400000,
      "open": 246.69,
      "high": 250.96,
      "low": 244.58,
      "close": 250.08,
      "volume": 86726285
    },
    {
      "timestamp": 1728273600000,
      "open": 249,
      "high": 249.83,
      "low": 240.7,
      "close": 240.83,
      "volume": 68113270
    },
    {
      "timestamp": 1728360000000,
      "open": 243.56,
      "high": 246.21,
      "low": 240.56,
      "close": 244.5,
      "volume": 56303160
    },
    {
      "timestamp": 1728446400000,
      "open": 243.82,
      "high": 247.43,
      "low": 239.51,
      "close": 241.05,
      "volume": 66289529
    },
    {
      "timestamp": 1728532800000,
      "open": 241.81,
      "high": 242.7899,
      "low": 232.34,
      "close": 238.77,
      "volume": 83087063
    },
    {
      "timestamp": 1728619200000,
      "open": 220.13,
      "high": 223.34,
      "low": 214.38,
      "close": 217.8,
      "volume": 142628874
    },
    {
      "timestamp": 1728878400000,
      "open": 220.13,
      "high": 221.91,
      "low": 213.74,
      "close": 219.16,
      "volume": 86291923
    },
    {
      "timestamp": 1728964800000,
      "open": 220.01,
      "high": 224.26,
      "low": 217.12,
      "close": 219.57,
      "volume": 62988787
    },
    {
      "timestamp": 1729051200000,
      "open": 221.4,
      "high": 222.8199,
      "low": 218.93,
      "close": 221.33,
      "volume": 49632824
    },
    {
      "timestamp": 1729137600000,
      "open": 221.59,
      "high": 222.08,
      "low": 217.9,
      "close": 220.89,
      "volume": 50791784
    },
    {
      "timestamp": 1729224000000,
      "open": 220.71,
      "high": 222.28,
      "low": 219.23,
      "close": 220.7,
      "volume": 49611867
    },
    {
      "timestamp": 1729483200000,
      "open": 218.9,
      "high": 220.48,
      "low": 215.726,
      "close": 218.85,
      "volume": 47328988
    },
    {
      "timestamp": 1729569600000,
      "open": 217.31,
      "high": 218.22,
      "low": 215.26,
      "close": 217.97,
      "volume": 43268741
    },
    {
      "timestamp": 1729656000000,
      "open": 217.125,
      "high": 218.72,
      "low": 212.11,
      "close": 213.65,
      "volume": 80938892
    },
    {
      "timestamp": 1729742400000,
      "open": 244.68,
      "high": 262.1199,
      "low": 242.65,
      "close": 260.48,
      "volume": 204491903
    },
    {
      "timestamp": 1729828800000,
      "open": 256.01,
      "high": 269.49,
      "low": 255.32,
      "close": 269.19,
      "volume": 161611931
    },
    {
      "timestamp": 1730088000000,
      "open": 270,
      "high": 273.536,
      "low": 262.24,
      "close": 262.51,
      "volume": 107653603
    },
    {
      "timestamp": 1730174400000,
      "open": 264.51,
      "high": 264.98,
      "low": 255.51,
      "close": 259.52,
      "volume": 80521751
    },
    {
      "timestamp": 1730260800000,
      "open": 258.035,
      "high": 263.35,
      "low": 255.8201,
      "close": 257.55,
      "volume": 53993576
    },
    {
      "timestamp": 1730347200000,
      "open": 257.99,
      "high": 259.75,
      "low": 249.25,
      "close": 249.85,
      "volume": 66575292
    },
    {
      "timestamp": 1730433600000,
      "open": 252.043,
      "high": 254,
      "low": 246.63,
      "close": 248.98,
      "volume": 57544757
    }
  ],
  "timestamp": 1762837992859,
  "ttl": 86400000
}