{
  "data": [
    {
      "timestamp": 1720756800000,
      "open": 235.8,
      "high": 251.84,
      "low": 233.0912,
      "close": 248.23,
      "volume": 155955773
    },
    {
      "timestamp": 1721016000000,
      "open": 255.97,
      "high": 265.6,
      "low": 251.73,
      "close": 252.64,
      "volume": 146912920
    },
    {
      "timestamp": 1721102400000,
      "open": 255.31,
      "high": 258.62,
      "low": 245.8001,
      "close": 256.56,
      "volume": 126332470
    },
    {
      "timestamp": 1721188800000,
      "open": 252.73,
      "high": 258.47,
      "low": 246.182,
      "close": 248.5,
      "volume": 115584810
    },
    {
      "timestamp": 1721275200000,
      "open": 251.09,
      "high": 257.14,
      "low": 247.2,
      "close": 249.23,
      "volume": 110869037
    },
    {
      "timestamp": 1721361600000,
      "open": 247.79,
      "high": 249.44,
      "low": 236.83,
      "close": 239.2,
      "volume": 87403903
    }
  ],
  "timestamp": 1762839304183,
  "ttl": 86400000
}