{
  "data": [
    {
      "timestamp": 1759723200000,
      "open": 440.75,
      "high": 453.55,
      "low": 436.69,
      "close": 453.25,
      "volume": 85324878
    },
    {
      "timestamp": 1759809600000,
      "open": 447.82,
      "high": 452.68,
      "low": 432.4501,
      "close": 433.09,
      "volume": 102296082
    },
    {
      "timestamp": 1759896000000,
      "open": 437.57,
      "high": 441.33,
      "low": 425.23,
      "close": 438.69,
      "volume": 71192128
    },
    {
      "timestamp": 1759982400000,
      "open": 431.81,
      "high": 436.35,
      "low": 426.18,
      "close": 435.54,
      "volume": 69339928
    },
    {
      "timestamp": 1760068800000,
      "open": 436.54,
      "high": 443.13,
      "low": 411.45,
      "close": 413.49,
      "volume": 112107870
    },
    {
      "timestamp": 1760328000000,
      "open": 423.53,
      "high": 436.89,
      "low": 419.7,
      "close": 435.9,
      "volume": 79552785
    },
    {
      "timestamp": 1760414400000,
      "open": 426.79,
      "high": 434.2,
      "low": 417.86,
      "close": 429.24,
      "volume": 72669438
    },
    {
      "timestamp": 1760500800000,
      "open": 434.9,
      "high": 440.51,
      "low": 426.3301,
      "close": 435.15,
      "volume": 71558185
    },
    {
      "timestamp": 1760587200000,
      "open": 434.73,
      "high": 439.35,
      "low": 421.3101,
      "close": 428.75,
      "volume": 77189889
    },
    {
      "timestamp": 1760673600000,
      "open": 425.5,
      "high": 441.4558,
      "low": 423.6,
      "close": 439.31,
      "volume": 89331578
    },
    {
      "timestamp": 1760932800000,
      "open": 443.865,
      "high": 449.8,
      "low": 440.61,
      "close": 447.43,
      "volume": 63650560
    },
    {
      "timestamp": 1761019200000,
      "open": 445.755,
      "high": 449.3,
      "low": 442.05,
      "close": 442.6,
      "volume": 54412169
    },
    {
      "timestamp": 1761105600000,
      "open": 443.45,
      "high": 445.539,
      "low": 429,
      "close": 438.97,
      "volume": 84023458
    },
    {
      "timestamp": 1761192000000,
      "open": 420,
      "high": 449.3999,
      "low": 413.9,
      "close": 448.98,
      "volume": 126709833
    },
    {
      "timestamp": 1761278400000,
      "open": 446.83,
      "high": 451.68,
      "low": 430.17,
      "close": 433.72,
      "volume": 94726935
    },
    {
      "timestamp": 1761537600000,
      "open": 439.98,
      "high": 460.16,
      "low": 438.69,
      "close": 452.42,
      "volume": 105866837
    },
    {
      "timestamp": 1761624000000,
      "open": 454.775,
      "high": 467,
      "low": 451.6,
      "close": 460.55,
      "volume": 80185462
    },
    {
      "timestamp": 1761710400000,
      "open": 462.5,
      "high": 465.7,
      "low": 452.65,
      "close": 461.51,
      "volume": 67983469
    },
    {
      "timestamp": 1761796800000,
      "open": 451.05,
      "high": 455.0607,
      "low": 439.61,
      "close": 440.1,
      "volume": 72447738
    },
    {
      "timestamp": 1761883200000,
      "open": 446.75,
      "high": 458,
      "low": 443.6855,
      "close": 456.56,
      "volume": 83135787
    },
    {
      "timestamp": 1762146000000,
      "open": 455.99,
      "high": 474.07,
      "low": 453.8,
      "close": 468.37,
      "volume": 84594908
    }
  ],
  "timestamp": 1762872488487,
  "ttl": 86400000
}