{
  "data": [
    {
      "timestamp": 1753675200000,
      "open": 318.45,
      "high": 330.49,
      "low": 315.69,
      "close": 325.59,
      "volume": 112673755
    },
    {
      "timestamp": 1753761600000,
      "open": 325.55,
      "high": 326.25,
      "low": 318.25,
      "close": 321.2,
      "volume": 87358861
    },
    {
      "timestamp": 1753848000000,
      "open": 322.18,
      "high": 324.4499,
      "low": 311.6164,
      "close": 319.04,
      "volume": 83931942
    },
    {
      "timestamp": 1753934400000,
      "open": 319.605,
      "high": 321.37,
      "low": 306.1,
      "close": 308.27,
      "volume": 85270919
    },
    {
      "timestamp": 1754020800000,
      "open": 306.205,
      "high": 309.31,
      "low": 297.82,
      "close": 302.63,
      "volume": 89121446
    },
    {
      "timestamp": 1754280000000,
      "open": 309.08,
      "high": 312.1186,
      "low": 303.0001,
      "close": 309.26,
      "volume": 78683905
    },
    {
      "timestamp": 1754366400000,
      "open": 308.95,
      "high": 312.4499,
      "low": 305.5,
      "close": 308.72,
      "volume": 57961278
    },
    {
      "timestamp": 1754452800000,
      "open": 307.89,
      "high": 320.47,
      "low": 306.9345,
      "close": 319.91,
      "volume": 78523579
    },
    {
      "timestamp": 1754539200000,
      "open": 319.79,
      "high": 322.4,
      "low": 316.16,
      "close": 322.27,
      "volume": 66658672
    },
    {
      "timestamp": 1754625600000,
      "open": 321.43,
      "high": 335.15,
      "low": 320.98,
      "close": 329.65,
      "volume": 91200319
    },
    {
      "timestamp": 1754884800000,
      "open": 335,
      "high": 346.64,
      "low": 334.15,
      "close": 339.03,
      "volume": 105320174
    },
    {
      "timestamp": 1754971200000,
      "open": 345,
      "high": 345.26,
      "low": 332.94,
      "close": 340.84,
      "volume": 80690111
    },
    {
      "timestamp": 1755057600000,
      "open": 341.5,
      "high": 348.98,
      "low": 338.2,
      "close": 339.38,
      "volume": 67838892
    },
    {
      "timestamp": 1755144000000,
      "open": 335.76,
      "high": 340.4699,
      "low": 330.4,
      "close": 335.58,
      "volume": 75000662
    },
    {
      "timestamp": 1755230400000,
      "open": 337.655,
      "high": 339.3,
      "low": 327.02,
      "close": 330.56,
      "volume": 74319792
    },
    {
      "timestamp": 1755489600000,
      "open": 329.62,
      "high": 336.27,
      "low": 329.59,
      "close": 335.16,
      "volume": 56956552
    },
    {
      "timestamp": 1755576000000,
      "open": 335.79,
      "high": 340.55,
      "low": 327.85,
      "close": 329.31,
      "volume": 75956002
    },
    {
      "timestamp": 1755662400000,
      "open": 329.22,
      "high": 331.37,
      "low": 314.6,
      "close": 323.9,
      "volume": 77481768
    },
    {
      "timestamp": 1755748800000,
      "open": 322.08,
      "high": 324.9,
      "low": 318.68,
      "close": 320.11,
      "volume": 55744445
    },
    {
      "timestamp": 1755835200000,
      "open": 321.66,
      "high": 340.25,
      "low": 319.69,
      "close": 340.01,
      "volume": 94016347
    },
    {
      "timestamp": 1756094400000,
      "open": 338.9,
      "high": 349.53,
      "low": 335.03,
      "close": 346.6,
      "volume": 86670037
    }
  ],
  "timestamp": 1762844047554,
  "ttl": 86400000
}