{
  "data": [
    {
      "timestamp": 1719892800000,
      "open": 218.89,
      "high": 231.3,
      "low": 218.06,
      "close": 231.26,
      "volume": 205047920
    },
    {
      "timestamp": 1719979200000,
      "open": 234.56,
      "high": 248.35,
      "low": 234.25,
      "close": 246.39,
      "volume": 166561471
    },
    {
      "timestamp": 1720152000000,
      "open": 249.81,
      "high": 252.37,
      "low": 242.4601,
      "close": 251.52,
      "volume": 154501152
    },
    {
      "timestamp": 1720411200000,
      "open": 247.71,
      "high": 259.439,
      "low": 244.57,
      "close": 252.94,
      "volume": 157219580
    },
    {
      "timestamp": 1720497600000,
      "open": 251,
      "high": 265.61,
      "low": 250.3,
      "close": 262.33,
      "volume": 160742516
    }
  ],
  "timestamp": 1762839245344,
  "ttl": 86400000
}