{
  "data": [
    {
      "timestamp": 1721102400000,
      "open": 255.31,
      "high": 258.62,
      "low": 245.8001,
      "close": 256.56,
      "volume": 126332470
    },
    {
      "timestamp": 1721188800000,
      "open": 252.73,
      "high": 258.47,
      "low": 246.182,
      "close": 248.5,
      "volume": 115584810
    },
    {
      "timestamp": 1721275200000,
      "open": 251.09,
      "high": 257.14,
      "low": 247.2,
      "close": 249.23,
      "volume": 110869037
    },
    {
      "timestamp": 1721361600000,
      "open": 247.79,
      "high": 249.44,
      "low": 236.83,
      "close": 239.2,
      "volume": 87403903
    },
    {
      "timestamp": 1721620800000,
      "open": 244.21,
      "high": 253.21,
      "low": 243.75,
      "close": 251.51,
      "volume": 101225430
    },
    {
      "timestamp": 1721707200000,
      "open": 253.6,
      "high": 255.7594,
      "low": 245.63,
      "close": 246.38,
      "volume": 111928192
    }
  ],
  "timestamp": 1762839306436,
  "ttl": 86400000
}