{
  "data": [
    {
      "timestamp": 1753070400000,
      "open": 90.85,
      "high": 91.93,
      "low": 90.5296,
      "close": 91.16,
      "volume": 12150601
    },
    {
      "timestamp": 1753156800000,
      "open": 91.48,
      "high": 92.26,
      "low": 89.88,
      "close": 91.79,
      "volume": 11561753
    },
    {
      "timestamp": 1753243200000,
      "open": 92.7,
      "high": 92.7,
      "low": 89.865,
      "close": 89.94,
      "volume": 18617929
    },
    {
      "timestamp": 1753329600000,
      "open": 91.05,
      "high": 93.61,
      "low": 90.87,
      "close": 90.87,
      "volume": 23446209
    },
    {
      "timestamp": 1753416000000,
      "open": 90.49,
      "high": 91.38,
      "low": 89.5,
      "close": 91.29,
      "volume": 13864112
    },
    {
      "timestamp": 1753675200000,
      "open": 91.31,
      "high": 92.35,
      "low": 90.24,
      "close": 90.6,
      "volume": 11606054
    },
    {
      "timestamp": 1753761600000,
      "open": 88.885,
      "high": 89.16,
      "low": 86.36,
      "close": 87.11,
      "volume": 24966230
    },
    {
      "timestamp": 1753848000000,
      "open": 87.24,
      "high": 87.805,
      "low": 86.475,
      "close": 87.64,
      "volume": 16862770
    },
    {
      "timestamp": 1753934400000,
      "open": 87.525,
      "high": 88.84,
      "low": 86.61,
      "close": 87.75,
      "volume": 16922440
    },
    {
      "timestamp": 1754020800000,
      "open": 86.505,
      "high": 87.055,
      "low": 85.42,
      "close": 86.91,
      "volume": 15732456
    },
    {
      "timestamp": 1754280000000,
      "open": 87.7,
      "high": 88.59,
      "low": 87.41,
      "close": 88.43,
      "volume": 15138877
    },
    {
      "timestamp": 1754366400000,
      "open": 89.37,
      "high": 90.955,
      "low": 89.05,
      "close": 89.39,
      "volume": 25855952
    },
    {
      "timestamp": 1754452800000,
      "open": 90.95,
      "high": 90.96,
      "low": 86.3,
      "close": 89.22,
      "volume": 40169819
    },
    {
      "timestamp": 1754539200000,
      "open": 90.72,
      "high": 92.74,
      "low": 89.16,
      "close": 92.67,
      "volume": 28522247
    },
    {
      "timestamp": 1754625600000,
      "open": 92.96,
      "high": 94.31,
      "low": 88.91,
      "close": 89.56,
      "volume": 26212493
    },
    {
      "timestamp": 1754884800000,
      "open": 89.81,
      "high": 91.43,
      "low": 88.92,
      "close": 90.58,
      "volume": 16668940
    },
    {
      "timestamp": 1754971200000,
      "open": 91.19,
      "high": 92.555,
      "low": 91.14,
      "close": 91.73,
      "volume": 12530490
    },
    {
      "timestamp": 1755057600000,
      "open": 92.05,
      "high": 92.2,
      "low": 89.91,
      "close": 90.83,
      "volume": 16867321
    },
    {
      "timestamp": 1755144000000,
      "open": 90.35,
      "high": 92.32,
      "low": 90.105,
      "close": 91.4,
      "volume": 14525102
    },
    {
      "timestamp": 1755230400000,
      "open": 91.65,
      "high": 93.9,
      "low": 90.86,
      "close": 92.6,
      "volume": 15841814
    },
    {
      "timestamp": 1755489600000,
      "open": 92.22,
      "high": 94.4,
      "low": 91.89,
      "close": 93.98,
      "volume": 16471274
    }
  ],
  "timestamp": 1762843986720,
  "ttl": 86400000
}