{
  "data": [
    {
      "timestamp": 1754280000000,
      "open": 87.7,
      "high": 88.59,
      "low": 87.41,
      "close": 88.43,
      "volume": 15138877
    },
    {
      "timestamp": 1754366400000,
      "open": 89.37,
      "high": 90.955,
      "low": 89.05,
      "close": 89.39,
      "volume": 25855952
    },
    {
      "timestamp": 1754452800000,
      "open": 90.95,
      "high": 90.96,
      "low": 86.3,
      "close": 89.22,
      "volume": 40169819
    },
    {
      "timestamp": 1754539200000,
      "open": 90.72,
      "high": 92.74,
      "low": 89.16,
      "close": 92.67,
      "volume": 28522247
    },
    {
      "timestamp": 1754625600000,
      "open": 92.96,
      "high": 94.31,
      "low": 88.91,
      "close": 89.56,
      "volume": 26212493
    },
    {
      "timestamp": 1754884800000,
      "open": 89.81,
      "high": 91.43,
      "low": 88.92,
      "close": 90.58,
      "volume": 16668940
    },
    {
      "timestamp": 1754971200000,
      "open": 91.19,
      "high": 92.555,
      "low": 91.14,
      "close": 91.73,
      "volume": 12530490
    },
    {
      "timestamp": 1755057600000,
      "open": 92.05,
      "high": 92.2,
      "low": 89.91,
      "close": 90.83,
      "volume": 16867321
    },
    {
      "timestamp": 1755144000000,
      "open": 90.35,
      "high": 92.32,
      "low": 90.105,
      "close": 91.4,
      "volume": 14525102
    },
    {
      "timestamp": 1755230400000,
      "open": 91.65,
      "high": 93.9,
      "low": 90.86,
      "close": 92.6,
      "volume": 15841814
    },
    {
      "timestamp": 1755489600000,
      "open": 92.22,
      "high": 94.4,
      "low": 91.89,
      "close": 93.98,
      "volume": 16471274
    },
    {
      "timestamp": 1755576000000,
      "open": 94,
      "high": 96.595,
      "low": 93.85,
      "close": 95.32,
      "volume": 21177259
    },
    {
      "timestamp": 1755662400000,
      "open": 94.83,
      "high": 94.96,
      "low": 91.44,
      "close": 93.73,
      "volume": 15194791
    },
    {
      "timestamp": 1755748800000,
      "open": 93.62,
      "high": 95,
      "low": 92.81,
      "close": 94.23,
      "volume": 12864137
    },
    {
      "timestamp": 1755835200000,
      "open": 94.46,
      "high": 97.54,
      "low": 94.29,
      "close": 96.79,
      "volume": 15584856
    },
    {
      "timestamp": 1756094400000,
      "open": 95.66,
      "high": 97.5,
      "low": 95.125,
      "close": 95.16,
      "volume": 10938118
    },
    {
      "timestamp": 1756180800000,
      "open": 94.88,
      "high": 96.82,
      "low": 94.36,
      "close": 96.53,
      "volume": 17163370
    },
    {
      "timestamp": 1756267200000,
      "open": 96.5,
      "high": 96.95,
      "low": 95.33,
      "close": 95.33,
      "volume": 11364308
    },
    {
      "timestamp": 1756353600000,
      "open": 96.025,
      "high": 96.11,
      "low": 94.08,
      "close": 95.96,
      "volume": 12024311
    },
    {
      "timestamp": 1756440000000,
      "open": 95.995,
      "high": 96.15,
      "low": 91.61,
      "close": 93.75,
      "volume": 19309971
    }
  ],
  "timestamp": 1762844284688,
  "ttl": 86400000
}